scenario,seed,season,hour,capitalization,investor_cash,investor_equity,exchange_fees,bank_cash,government_cash,loan_debt,short_liability,fine_debt,company_equity,company_profit,company_dividends,cumulative_declared_dividends,capitalization_return,investor_cash_change,investor_equity_return,system_cash_difference,initial_system_cash,initial_investor_cash,initial_investor_equity,initial_capitalization,fair_value_ratio,price_to_fair_value,price_floor_stocks,price_index,total_return_index,net_contributions,paid_dividends,institution_trading_income,retail_trading_income,company_bankruptcies,institution_bankruptcies,retail_bankruptcies,loan_writeoffs,short_writeoffs,bank_purchases,bank_sales
baseline,20261004,0,0,979500000,2000000000,2000000000,0,1000000000,100000000,0,0,0,979500000,6958383,0,0,0,0,0,0,6467312500,2000000000,2000000000,979500000,1,1,0,1000,1000,0,0,0,0,0,0,0,0,0,0,0
baseline,20261004,1,720,1048145722,1284861289,1950214162,2042969,1735507303,97261324,0,31089743,0,968239463,11243741,1107000,1107000,0.07008241143440541,-0.3575693555,-0.024892919000000013,0,6467312500,2000000000,2000000000,979500000,1.1022004726428913,1.0367030121453689,0,1091.9275140377747,1093.0576824910684,19357162,718794,-1143010.0000000075,-67999990.00000067,0,0,0,0,0,1447948170,2168301020
baseline,20261004,2,1440,1023045295,1277032453,1931675987,1899696,1762093327,102508287,0,82730,0,957452555,12787747,1262739,2369739,0.04445665645737629,-0.36148377350000005,-0.03416200650000001,0,6467312500,2000000000,2000000000,979500000,1.2510271282028664,0.9008371882297402,0,1089.0225249506782,1091.4665327383946,37915880,1486238,7608973.000000015,-113848865.99999988,0,0,0,0,0,2949397030,3677256570
baseline,20261004,3,2160,1068861131,1339934967,1984934797,2208443,1719963967,97517762,0,32441689,0,946154884,11580428,1142799,3512538,0.0912313741704951,-0.3300325165,-0.0075326015000000135,0,6467312500,2000000000,2000000000,979500000,1.2966018570998086,0.9385662561509862,0,1160.9301023077562,1164.754715989957,59538782,2207283,23766467.000000022,-98370451.99999976,0,0,0,0,0,4815183290,5483026800
baseline,20261004,4,2880,1036145918,1357600612,1975037136,2616122,1718769603,101046714,0,32660302,0,933586421,9794730,964373,4476911,0.057831462991322136,-0.32119969400000004,-0.012481431999999959,0,6467312500,2000000000,2000000000,979500000,1.2287002755621672,0.9750965062670612,0,1148.6389647178974,1153.4739783571843,80119703,2800577,26696737.000000015,-131779304.0000006,0,0,0,0,0,6697386430,7346974860
baseline,20261004,5,3600,1103299634,1262547904,2048174665,2043676,1832323042,102794933,0,0,0,921516279,8888104,874559,5351470,0.12639064216436968,-0.368726048,0.024087332499999947,0,6467312500,2000000000,2000000000,979500000,1.1880032198237036,1.086777702743288,0,1245.3476217958646,1251.5633049504645,98957532,3402953,71395134.99999994,-122178001.99999982,0,0,0,0,0,8357669800,9107547690
baseline,20261004,6,4320,1040863107,1287645716,2012665577,1740622,1827036894,97344904,0,25604978,0,906304003,3847247,372495,5723965,0.0626473782542114,-0.35617714199999995,0.006332788499999964,0,6467312500,2000000000,2000000000,979500000,0.9365285847859727,1.3349080208969608,0,1195.9654477649697,1202.3572100583049,118334808,3664618,73822162.00000006,-179491393.00000033,0,0,0,0,0,10139379160,10870109770
baseline,20261004,7,5040,874083548,1280987939,1909835954,1500805,1861530839,97104930,0,29751545,0,896536782,5012641,486727,6210692,-0.10762271771311893,-0.35950603049999996,-0.04508202299999997,0,6467312500,2000000000,2000000000,979500000,0.8639225268297522,1.2268776789631013,0,1020.7565339983305,1026.774147900038,134623077,4020188,64196598,-288983721.00000024,0,0,0,0,0,11554579270,12298348150
baseline,20261004,8,5760,816385696,1282684630,1882380811,1262082,1894562873,88419303,0,29027339,0,889522891,5790582,566472,6777164,-0.1665281306789178,-0.35865768499999995,-0.058809594500000006,0,6467312500,2000000000,2000000000,979500000,0.867443795310382,1.1566642247401142,0,967.6684526437167,974.0385261024513,152092894,4451740,74968565,-344680648.0000002,0,0,0,0,0,12812944550,13564090850
baseline,20261004,9,6480,762446821,1299046204,1852948453,1482184,1905366985,89358900,0,32724062,0,882825808,5113586,502197,7279361,-0.2215958948443083,-0.35047689800000004,-0.0735257735,0,6467312500,2000000000,2000000000,979500000,0.8324834194712143,1.148824150572288,0,917.1382972175393,923.7749118810905,168688577,4832175,93605709.00000021,-409345833.00000024,0,0,0,0,0,14091672180,14831577330
baseline,20261004,10,7200,803349299,1281652982,1885613745,1810720,1946847522,92316789,0,31959851,0,880327779,6955922,681548,7960909,-0.17983736702399178,-0.359173509,-0.05719312750000005,0,6467312500,2000000000,2000000000,979500000,0.902054116758198,1.1160897621853012,0,976.8916262629283,984.7863876730785,186732809,5358058,112212438.00000015,-413331502.0000002,0,0,0,0,0,15263016680,16024225690
baseline,20261004,11,7920,837426330,1314230018,1914351524,1788396,1932304538,94800707,0,30100488,0,877929762,5807063,569143,8530052,-0.14504713629402755,-0.34288499100000003,-0.042824238000000014,0,6467312500,2000000000,2000000000,979500000,0.866199877679634,1.2564389056745613,0,1027.6155756041396,1036.6179476267794,204751124,5773780,105741301.00000027,-396140900.9999996,0,0,0,0,0,16539469900,17270553490
baseline,20261004,12,8640,785357660,1307131359,1873847631,2446618,1954815806,94068767,0,29037065,0,876561975,6352223,622996,9153048,-0.19820555385400718,-0.3464343205,-0.06307618449999997,0,6467312500,2000000000,2000000000,979500000,0.8548413264582813,1.137545240162018,0,972.4303342154295,981.7204417062294,225907979,6230644,121641424.00000015,-473701771.99999994,0,0,0,0,0,17784131020,18526871680
baseline,20261004,13,9360,757585258,1324505287,1851008433,1503336,1954839910,90751233,0,28789654,0,877885322,8802159,866087,10019135,-0.22655920571720267,-0.3377473565,-0.07449578349999997,0,6467312500,2000000000,2000000000,979500000,0.9712375164028033,0.987330182242631,0,946.2304092322051,956.3528504120874,245770789,6851027,120990501.00000006,-515752857,0,0,0,0,0,18982570620,19712077400
baseline,20261004,14,10080,878509624,1309982686,1945022882,2983652,1977785372,91403954,0,28100675,0,880855320,9787964,967180,10986315,-0.10310400816743237,-0.34500865700000005,-0.027488559000000024,0,6467312500,2000000000,2000000000,979500000,1.1253138367492679,0.9983093483971619,0,1104.5736487431238,1117.610929336435,269192299,7566266,140255203.99999988,-464424621.0000002,0,0,0,0,0,20290024450,21038294700
baseline,20261004,15,10800,891450667,1384513575,1947181927,2153744,1915616868,94018158,0,29815111,0,883924078,10411701,1026965,12013280,-0.08989212149055636,-0.30774321250000003,-0.026409036500000038,0,6467312500,2000000000,2000000000,979500000,1.2383003850921208,0.9261737941285884,0,1128.7860163356877,1143.4155464115308,289533769,8239071,134532037.99999976,-476883879.99999994,0,0,0,0,0,21806298330,22483305380
baseline,20261004,16,11520,1055288834,1352745864,2055728644,2343445,1956546535,94658298,0,27152650,0,884720676,7589954,747340,12760620,0.07737502194997448,-0.32362706799999996,0.027864322000000108,0,6467312500,2000000000,2000000000,979500000,1.140392952044097,1.1740604863743616,0,1343.8993111771772,1362.2753704359534,311045945,8746625,168834558.99999928,-424151859.9999992,0,0,0,0,0,23306716420,24019579240
baseline,20261004,17,12240,958573174,1362073838,1986156275,2212845,1961007114,89121784,0,27523348,0,884589794,4641794,451561,13212181,-0.021364804492087774,-0.31896308100000004,-0.006921862500000042,0,6467312500,2000000000,2000000000,979500000,0.9484741421795365,1.2609418271198438,0,1226.2358228681285,1243.5859097384196,331425837,9035512,164641717.999999,-509911279.99999976,0,0,0,0,0,24780188620,25490887070
baseline,20261004,18,12960,853936175,1356845614,1914546948,2719129,1975993110,84049688,0,28401319,0,885894933,5365664,523868,13736049,-0.12819175599795818,-0.321577193,-0.04272652600000004,0,6467312500,2000000000,2000000000,979500000,0.8977675894607723,1.1819042263586053,0,1096.9052047919968,1113.1050144765093,352633585,9389786,165970225.99999875,-604056862.9999998,0,0,0,0,0,26011703680,26734130840
baseline,20261004,19,13680,731950080,1379585488,1822648373,2002417,1960646924,84907501,0,26946424,0,884777974,2319761,237324,13973373,-0.2527309035222052,-0.310207256,-0.08867581349999998,0,6467312500,2000000000,2000000000,979500000,0.7476084826966262,1.2569924048635217,0,944.3203252567549,958.5760137867858,370713100,9528927,150111306.99999952,-698176033.9999998,0,0,0,0,0,27169869260,27871854140
baseline,20261004,20,14400,695473979,1347376348,1802926550,1368815,1998387500,87526908,0,25686640,0,884207876,2132233,218708,14192081,-0.2899704144971924,-0.32631182599999997,-0.09853672499999999,0,6467312500,2000000000,2000000000,979500000,0.6596737526880264,1.4137450473696875,0,900.4651652419574,914.3452298825702,386834496,9664307,146544936.99999744,-730452883.0000012,0,0,0,0,0,28107721200,28842616230
baseline,20261004,21,15120,608052881,1340833933,1734043246,2058821,2005879534,90674772,0,26109914,0,887600903,5890946,576372,14768453,-0.37922115262889233,-0.32958303349999996,-0.13297837700000004,0,6467312500,2000000000,2000000000,979500000,0.7934486732951598,0.9909088675736658,0,789.7645931946342,802.6960439032993,405262421,10044290,147794274.99999613,-819013450.0000005,0,0,0,0,0,28948699770,29689568760
baseline,20261004,22,15840,713263026,1330041985,1817346754,1251210,2029167154,81802479,0,25414814,0,890030894,4508085,440445,15208898,-0.2718090597243492,-0.3349790075,-0.09132662300000005,0,6467312500,2000000000,2000000000,979500000,0.7680080934404317,1.240408525876248,0,928.5429909276993,944.3282073115515,423187519,10350997,171890574.999995,-777731340.0000007,0,0,0,0,0,29916560020,30676825660
baseline,20261004,23,16560,623068542,1359525599,1748499807,2078532,2002884381,81663950,0,25667989,0,895432912,7695966,756542,15965440,-0.36389122817764163,-0.32023720050000004,-0.12575009650000002,0,6467312500,2000000000,2000000000,979500000,0.9251522693007612,0.9016567597789371,0,813.1270708922898,827.9518460579635,442892190,10831380,148849411.99999416,-843241794.9999986,0,0,0,0,0,30881156070,31614117610
baseline,20261004,24,17280,722488430,1319067745,1817246679,2206242,2051556242,79063677,0,20173359,0,901084898,8863896,875459,16840899,-0.2623905768249106,-0.34046612750000005,-0.09137666050000004,0,6467312500,2000000000,2000000000,979500000,1.0968362226589816,0.8764609533620307,0,945.9227880540031,964.3320047249183,463500058,11440961,163600057.99999076,-809853437.000001,0,0,0,0,0,32030407710,32810429620
baseline,42,0,0,979500000,2000000000,2000000000,0,1000000000,100000000,0,0,0,979500000,6958383,0,0,0,0,0,0,6467312500,2000000000,2000000000,979500000,1,1,0,1000,1000,0,0,0,0,0,0,0,0,0,0,0
baseline,42,1,720,1032047985,1274869717,1946541183,1981200,1749844890,94713586,0,22383609,0,967071474,11353489,1122000,1122000,0.05364776416539052,-0.36256514149999997,-0.02672940850000005,0,6467312500,2000000000,2000000000,979500000,1.1086377613595153,1.011698290292193,0,1076.7820316488005,1077.9275140377747,19121683,738339,-3052591.9999999986,-69527907.99999963,0,0,0,0,0,1410771390,2143045530
baseline,42,2,1440,976154852,1325461425,1911224568,3426312,1714991348,92697132,0,26879791,0,952837108,9255302,912090,2034090,-0.0034151587544665185,-0.33726928749999996,-0.04438771600000002,0,6467312500,2000000000,2000000000,979500000,1.0670067448528988,1.0251902423018644,0,1042.0224162822658,1044.083558154599,43647120,1293965,-1217044.9999999776,-131205507.00000015,0,0,0,0,0,2981925950,3662410140
baseline,42,3,2160,1002299259,1332836925,1941420206,3036042,1725123928,93143405,0,26567278,0,941680540,11121183,1097112,3131202,0.023276425727411842,-0.33358153749999997,-0.029289896999999954,0,6467312500,2000000000,2000000000,979500000,1.1408810872968895,1.0014385160848742,0,1092.5407932411595,1095.8753193844668,66073108,1944955,19025942.00000011,-143678844.00000024,0,0,0,0,0,4479662140,5156064240
baseline,42,4,2880,1090774623,1318223373,2022286231,2951329,1757728908,91917350,0,26261130,0,928280849,7252446,710223,3841425,0.11360349464012254,-0.34088831350000004,0.011143115499999912,0,6467312500,2000000000,2000000000,979500000,0.998254937504935,1.2118272781219555,0,1210.7193689944195,1215.1911164761668,87973225,2428892,46218129,-111905122.99999984,0,0,0,0,0,6004515480,6703224890
baseline,42,5,3600,996364259,1343959408,1961573415,2139200,1749086727,89536703,0,25248997,0,917164690,8857892,869825,4711250,0.017217211842776914,-0.32802029600000004,-0.019213292500000034,0,6467312500,2000000000,2000000000,979500000,1.0636364791217405,1.073233639265994,0,1127.1323493129337,1132.2644106347145,108513594,2985328,41287286.00000012,-188227465.00000006,0,0,0,0,0,7445877780,8121033250
baseline,42,6,4320,938723451,1391624083,1938555912,2360500,1720907448,91124046,0,27635134,0,902527564,3770193,365068,5076318,-0.041629963246554325,-0.3041879585,-0.030722044000000004,0,6467312500,2000000000,2000000000,979500000,0.8661559880245587,1.2708759042103999,0,1082.3366692414631,1087.679628615017,127264515,3212575,47908261.99999991,-236616864.9999996,0,0,0,0,0,8944644650,9572416040
baseline,42,7,5040,875431647,1325571801,1919466985,2389613,1812965984,90988705,0,24694774,0,893114336,3972825,389809,5466127,-0.106246404287902,-0.33721409950000003,-0.04026650750000005,0,6467312500,2000000000,2000000000,979500000,0.7821338808704682,1.3737574852062502,0,1024.3465030961042,1029.8548574796994,147233107,3471124,52262603.99999988,-280028725.99999976,0,0,0,0,0,10167361690,10863757510
baseline,42,8,5760,810868664,1311583540,1875978146,2009639,1852420850,86552145,0,24968059,0,885048481,3758384,369494,5835621,-0.172160628892292,-0.34420823,-0.062010926999999993,0,6467312500,2000000000,2000000000,979500000,0.7340261183949186,1.3786603198945877,0,962.2043351113947,967.813195672783,167033599,3738298,47937559,-338993012.0000009,0,0,0,0,0,11265028030,11978629950
baseline,42,9,6480,715618257,1292525473,1807153899,1466022,1899601446,84088249,0,24281860,0,880013589,4655461,450110,6285731,-0.2694045359877488,-0.3537372635,-0.0964230505,0,6467312500,2000000000,2000000000,979500000,0.7382329148454159,1.2028166441912385,0,860.1417492220947,865.6928980709595,183734481,4058962,46999099.99999902,-423579682.0000006,0,0,0,0,0,12334825670,13074686510
baseline,42,10,7200,704562117,1276043337,1810002659,2170278,1941978331,80382197,0,22080473,0,876472697,5094031,493819,6779550,-0.28069207044410416,-0.36197833150000003,-0.0949986705,0,6467312500,2000000000,2000000000,979500000,0.7722327268707658,1.195458017345746,0,856.6380038389119,862.7639197489468,203356994,4429703,34345322.00000256,-427699657.00000083,0,0,0,0,0,13374150340,14135973700
baseline,42,11,7920,742713353,1214216927,1843419954,1548926,2029140327,80735459,0,214704,0,874427128,5930008,577602,7357152,-0.2417423654925983,-0.39289153649999997,-0.07829002299999999,0,6467312500,2000000000,2000000000,979500000,0.795326593867943,1.2133801037629584,0,912.0187633858764,919.2480096952798,221060160,4912302,58808016.00000304,-436448221.99999994,0,0,0,0,0,14350121280,15181052390
baseline,42,12,8640,736795673,1239633664,1838021832,1698424,2022581275,83124926,0,21735140,0,872334053,7666372,756086,8113238,-0.24778389688616642,-0.38018316799999996,-0.08098908400000004,0,6467312500,2000000000,2000000000,979500000,0.8909195655934051,1.0552859559918535,0,915.8078415793087,924.0029217406858,240429846,5543033,63009788.000003844,-465417801.9999998,0,0,0,0,0,15451685780,16262069670
baseline,42,13,9360,824455442,1268763786,1888682504,1761693,1981960103,81123929,0,20520063,0,902963991,7817446,767756,8880994,-0.15828949259826441,-0.36561810699999997,-0.055658748000000036,0,6467312500,2000000000,2000000000,979500000,0.9362520416738733,1.1279798757784631,0,995.4561483853208,1005.3267888732883,261089654,6156666,89037388.00000429,-461444538.00000024,0,0,0,0,0,16641063520,17427882330
baseline,42,14,10080,855828182,1240665849,1907739823,2034068,2022516006,87835858,0,0,0,905938073,10030200,990028,9871022,-0.12626015109749877,-0.3796670755,-0.0461300885,0,6467312500,2000000000,2000000000,979500000,1.0735545752073963,0.9655371478358716,0,1040.6601844232719,1052.1862775067634,281591216,6918317,116673594.00000507,-490524986.9999999,0,0,0,0,0,17792766700,18609984540
baseline,42,15,10800,901492171,1277983290,1949353444,1778936,2001282831,88935495,0,19180838,0,908429893,7983219,783943,10654965,-0.0796404583971414,-0.36100835499999995,-0.025323278000000005,0,6467312500,2000000000,2000000000,979500000,1.046815511393937,1.074903380826932,0,1101.910279180454,1115.0785710841428,302039262,7514371,130256540.0000053,-482942357.9999993,0,0,0,0,0,19092389210,19876595100
baseline,42,16,11520,939385162,1276780737,1978992672,1630558,2021044886,84641616,0,19579026,0,912064857,8596562,848166,11503131,-0.04095440326697297,-0.36160963150000003,-0.010503664000000024,0,6467312500,2000000000,2000000000,979500000,1.0549385947366403,1.0811348672811847,0,1153.2554941299709,1168.0865010515342,321777161,8158477,152485834.00000465,-495270323.0000005,0,0,0,0,0,20467480730,21263349690
baseline,42,17,12240,828085531,1332438394,1884297514,2848970,1968836167,85126282,0,22148553,0,914638174,7331166,721581,12224712,-0.1545834293006636,-0.333780803,-0.057851243,0,6467312500,2000000000,2000000000,979500000,1.0295449212033625,0.994286690864431,0,1021.5714227792597,1035.6062124687214,345450258,8644664,135625534.00000525,-596778278.0000002,0,0,0,0,0,21816388180,22554586920
baseline,42,18,12960,847868005,1331348494,1900053072,1964812,1978131651,87962596,0,21164216,0,913860579,3533470,352196,12576908,-0.13438692700357324,-0.334325753,-0.04997346400000002,0,6467312500,2000000000,2000000000,979500000,0.8610949042061731,1.2524786317411825,0,1050.8600368647055,1065.7376635503806,364360660,8878710,141115185.0000047,-605422773.0000001,0,0,0,0,0,23081375690,23822266980
baseline,42,19,13680,779443601,1318777048,1852353428,1808548,1999356496,85505037,0,22546896,0,915335518,4919488,479412,13056320,-0.20424338846350176,-0.34061147599999997,-0.07382328599999999,0,6467312500,2000000000,2000000000,979500000,0.8387204679781805,1.2078853790373016,0,969.7288615790468,984.0604703585673,383162518,9204272,145543182.00000483,-676352271.9999995,0,0,0,0,0,24178753830,24937150830
baseline,42,20,14400,677305863,1333395288,1767429990,2356765,1986485177,86445505,0,21833481,0,914893461,2471170,245937,13302257,-0.3085187718223583,-0.333302356,-0.11628500500000005,0,6467312500,2000000000,2000000000,979500000,0.7194226535147055,1.211988519475319,0,845.9747321256217,858.7878799614112,403334757,9349469,135258971.0000034,-771163738.0000002,0,0,0,0,0,25219953800,25962817530
baseline,42,21,15120,698670807,1275350204,1787431064,2080354,2046764992,89967802,0,0,0,915762422,3331264,322996,13625253,-0.2867066799387442,-0.362324898,-0.10628446800000002,0,6467312500,2000000000,2000000000,979500000,0.6872481307960653,1.2901197975899867,0,875.3322255857636,888.9995643041584,422230330,9566218,149888193.0000031,-784687458.9999996,0,0,0,0,0,25995818190,26796699340
baseline,42,22,15840,642835211,1294074254,1742316713,1267353,2036856250,85293878,0,20923447,0,917581200,4319727,418868,14044121,-0.34371086166411435,-0.35296287299999995,-0.12884164350000005,0,6467312500,2000000000,2000000000,979500000,0.7085575799918151,1.150577677792481,0,807.9869415885064,821.1357327682346,440792788,9850334,148929654.0000034,-847405728.9999998,0,0,0,0,0,26821390770,27608527420
baseline,42,23,16560,635450231,1299157569,1725446568,1445172,2033123919,91980931,0,20246722,0,920573014,5337043,522823,14566944,-0.35125040224604387,-0.35042121550000005,-0.13727671600000002,0,6467312500,2000000000,2000000000,979500000,0.7475252275943515,1.1239027364511172,0,800.9952785981917,814.6981270497851,458747864,10196893,136172885.0000047,-869474180.9999996,0,0,0,0,0,27658868740,28438984290
baseline,42,24,17280,650427721,1306216769,1731417628,1329930,2031088472,93699922,0,18904324,0,926542160,8610745,846418,15413362,-0.3359594476773864,-0.34689161550000003,-0.134291186,0,6467312500,2000000000,2000000000,979500000,0.9291989536174511,0.9034702883256995,0,822.1375012697273,837.2872113058937,477681985,10763918,140291747.0000049,-886556103.9999993,0,0,0,0,0,28521706500,29296380800
baseline,17,0,0,979500000,2000000000,2000000000,0,1000000000,100000000,0,0,0,979500000,6958383,0,0,0,0,0,0,6467312500,2000000000,2000000000,979500000,1,1,0,1000,1000,0,0,0,0,0,0,0,0,0,0,0
baseline,17,1,720,1006079784,1295880787,1939056789,2014743,1726293962,97312722,0,26359943,0,966627781,11257997,1110000,1110000,0.02713607350689129,-0.3520596065,-0.030471605500000054,0,6467312500,2000000000,2000000000,979500000,1.1025726442240251,1.0103728549537687,0,1050.6380806533946,1051.771311893821,19406267,699119,-6448811.000000002,-73900666.99999993,0,0,0,0,0,1441216900,2150679730
baseline,17,2,1440,1073774515,1278131040,1988176984,2690985,1760113092,97142107,0,24744388,0,953479904,9482948,936109,2046109,0.0962475906074527,-0.36093447999999995,-0.005911507999999954,0,6467312500,2000000000,2000000000,979500000,1.0751626966872854,1.1239267579611676,0,1143.9864994570746,1146.1990402335628,42539422,1299075,20421037.00000003,-74783474.99999937,0,0,0,0,0,3005139570,3733652850
baseline,17,3,2160,1062134293,1297398620,1984272855,2695153,1752860156,99768877,0,23351954,0,942751779,11105382,1096532,3142641,0.08436374987238393,-0.35130068999999997,-0.007863572500000027,0,6467312500,2000000000,2000000000,979500000,1.181732293174868,1.0138500532503578,0,1153.6780710817716,1157.0798474427247,65840770,2004221,28736364.999999985,-110304279.99999909,0,0,0,0,0,4498294090,5208298930
baseline,17,4,2880,1022323429,1378749016,1967990402,2614581,1688655432,96401892,0,27986041,0,929934588,8199463,807741,3950382,0.043719682491066836,-0.310625492,-0.01600479899999996,0,6467312500,2000000000,2000000000,979500000,1.0832300315472088,1.0649186905236605,0,1132.3866754874182,1136.6056172888075,88096851,2489100,29650262.999999955,-149756711.99999982,0,0,0,0,0,6158503050,6788408070
baseline,17,5,3600,1035476148,1332921362,2010853569,3262399,1752605872,88678024,0,25026830,0,918411274,8319498,815139,4765521,0.05714767534456344,-0.333539319,0.005426784500000004,0,6467312500,2000000000,2000000000,979500000,1.0556899199073377,1.1552274450600397,0,1168.031605535052,1173.289610647651,111908778,3039732,51167092.00000021,-152222300.99999985,0,0,0,0,0,7668885920,8354042640
baseline,17,6,4320,989764534,1355854557,1982619816,3118337,1745580627,90688520,0,23340343,0,907408789,7549871,740240,5505761,0.0104793608984175,-0.3220727215,-0.008690092000000038,0,6467312500,2000000000,2000000000,979500000,1.0493614758013656,1.1115405893872905,0,1136.5605808228902,1142.5156760612829,134021959,3514803,48803754.00000034,-200205896.99999994,0,0,0,0,0,9206691710,9868908910
baseline,17,7,5040,944398711,1362976382,1964619640,1891310,1766955113,87938801,0,25657642,0,894636071,2150401,240278,5746039,-0.03583592547217973,-0.318511809,-0.01769018,0,6467312500,2000000000,2000000000,979500000,0.8185772325907782,1.4130172467922792,0,1101.3268796289672,1107.374725515064,151302229,3663935,50107713.00000051,-236790301.9999993,0,0,0,0,0,10711833260,11373384920
baseline,17,8,5760,807565825,1340807668,1877210356,2116089,1812203892,87166569,0,26259737,0,885582894,3195058,314874,6060913,-0.17553259315977543,-0.32959616599999997,-0.061394822000000016,0,6467312500,2000000000,2000000000,979500000,0.7101007174103542,1.405576980183425,0,955.6731398120874,961.2903523603941,168871209,3859120,48229733.000000715,-339890585.9999998,0,0,0,0,0,11883714650,12570245000
baseline,17,9,6480,671643979,1293997443,1786715581,1162948,1890576325,86386092,0,0,0,879484651,3668788,361889,6422802,-0.3142991536498213,-0.35300127849999996,-0.10664220950000003,0,6467312500,2000000000,2000000000,979500000,0.6924199863078437,1.2016817424468647,0,805.9533126384248,811.1212852588877,184172699,4113232,53482165.00000113,-450939283,0,0,0,0,0,12769045630,13507069930
baseline,17,10,7200,644102183,1266076972,1768303295,2076093,1945308253,79364242,0,21122606,0,874528374,3302350,321790,6744592,-0.3424173731495661,-0.366961514,-0.11584835250000003,0,6467312500,2000000000,2000000000,979500000,0.6501341864688791,1.2485043324725995,0,782.4279299293951,787.8336666511372,203970909,4366151,57391519.00000137,-493059133.0000002,0,0,0,0,0,13768586780,14540982660
baseline,17,11,7920,604955329,1255596038,1735622111,2001008,1982535309,73746949,0,22325301,0,873005358,5791355,564299,7308891,-0.3823835334354262,-0.372201981,-0.13218894449999996,0,6467312500,2000000000,2000000000,979500000,0.7330656794055417,1.0381144217237044,0,743.0736974090656,748.8977610411106,223881069,4827073,57900824.00000134,-546159782,0,0,0,0,0,14702190370,15492926670
baseline,17,12,8640,662118424,1265963789,1785120203,1270032,1995133004,75552071,0,19870698,0,873127341,7158149,701072,8009963,-0.3240240694231751,-0.3670181055,-0.10743989850000002,0,6467312500,2000000000,2000000000,979500000,0.8309218257496597,1.0456280112442562,0,821.069264713193,828.3725263975339,241011650,5386069,68626993.00000194,-524518440,0,0,0,0,0,15740480020,16526649350
baseline,17,13,9360,763068684,1279105813,1874778216,1277004,2005298691,69918963,0,21724225,0,873782967,6054242,592447,8602410,-0.2209610168453292,-0.36044709350000004,-0.06261089200000003,0,6467312500,2000000000,2000000000,979500000,0.8261238141996224,1.1938468684983201,0,952.2140120125418,961.424989368506,259688476,5860750,89822501.00000283,-474732761.00000006,0,0,0,0,0,16930483500,17714013310
baseline,17,14,10080,722309709,1297451337,1841242708,1871014,2002784620,67568273,0,20178429,0,877733635,9366609,924423,9526833,-0.26257303828483924,-0.3512743315,-0.079378646,0,6467312500,2000000000,2000000000,979500000,0.9866576852819586,0.9376011258870468,0,906.9567744144348,916.8946911133354,280244012,6573613,88764207.00000411,-527765511,0,0,0,0,0,18136599830,18909036680
baseline,17,15,10800,803174953,1314492119,1916008910,2094927,2002959960,64141137,0,19868370,0,880666672,7217234,708118,10234951,-0.18001536191934664,-0.34275394049999997,-0.04199554500000002,0,6467312500,2000000000,2000000000,979500000,0.9626296363411366,1.0833649934917566,0,1012.9841875602376,1024.9827722112002,301135530,7106222,99836733.00000435,-484963353,0,0,0,0,0,19524273030,20286659580
baseline,17,16,11520,867122205,1318517808,1964266436,2204490,2008615146,65621614,0,19940919,0,885053636,7356829,723887,10958838,-0.11472975497702909,-0.340741096,-0.017866782000000025,0,6467312500,2000000000,2000000000,979500000,0.9810355456134677,1.1450253530192482,0,1096.4687323198623,1110.3799722046097,321326397,7649924,106973772.00000376,-464033732.99999976,0,0,0,0,0,20883867460,21646538840
baseline,17,17,12240,856835678,1332215298,1952594286,2842809,2002427562,65018062,0,19326997,0,886785634,4580760,444864,11403702,-0.12523156916794287,-0.33389235100000003,-0.023702856999999966,0,6467312500,2000000000,2000000000,979500000,0.8606602254495719,1.2980000103516356,0,1086.5012142732246,1100.855656893176,342803446,7969459,112618372.0000009,-502827532,0,0,0,0,0,22248483410,23001262980
baseline,17,18,12960,751949432,1322975018,1870288987,2539256,2015251865,68219657,0,19200861,0,889810571,5504485,536282,11939984,-0.23231298417559976,-0.338512491,-0.06485550650000005,0,6467312500,2000000000,2000000000,979500000,0.8705858846740953,1.1247899414221176,0,955.965481877048,969.2843466739354,363322802,8351959,111234555.00000316,-604268369.9999998,0,0,0,0,0,23433428070,24196136600
baseline,17,19,13680,785100050,1321233262,1887590066,1830146,2025125464,67460250,0,17526046,0,891167040,3099779,303449,12243433,-0.19846855538540076,-0.339383369,-0.056204966999999995,0,6467312500,2000000000,2000000000,979500000,0.7622074638831713,1.3006314621844186,0,999.9409176156481,1014.2636189029323,381339125,8563319,125998945.00000298,-619748004,0,0,0,0,0,24579562640,25348543900
baseline,17,20,14400,711240991,1309977975,1834546680,1320555,2046026618,65692895,0,17145263,0,894067902,5018811,491191,12734624,-0.27387341398672793,-0.3450110125,-0.08272665999999995,0,6467312500,2000000000,2000000000,979500000,0.8097615420692476,1.1275146371251983,0,907.9424094720937,921.58193094136,397924874,8913769,126027848.00000155,-689406042.0000006,0,0,0,0,0,25590193700,26376480180
baseline,17,21,15120,758425094,1299828704,1862189264,1526974,2062751050,65376442,0,16991793,0,897288380,5037064,494718,13229342,-0.22570179275140378,-0.35008564799999997,-0.06890536800000002,0,6467312500,2000000000,2000000000,979500000,0.8257514631842879,1.1894052558636974,0,969.8632334133607,985.0739823803309,415246653,9275618,138868296.00000072,-691925685,0,0,0,0,0,26618297050,27418940940
baseline,17,22,15840,770486299,1323602353,1871772567,2240367,2045825820,60485323,0,18537783,0,899284623,3522914,336557,13565899,-0.21338815824400204,-0.33819882349999997,-0.06411371649999997,0,6467312500,2000000000,2000000000,979500000,0.7473455095157766,1.347974638566356,0,986.8088318567742,1002.7224795480818,435091362,9505362,136082181.9999987,-699400976.9999995,0,0,0,0,0,27674699280,28457313810
baseline,17,23,16560,682236534,1299096595,1800610498,2333849,2076346254,58406005,0,17330083,0,904344661,7541044,741262,14307161,-0.3034849065849924,-0.3504517025,-0.09969475100000003,0,6467312500,2000000000,2000000000,979500000,0.9136958801232199,0.9526488989337756,0,876.01016758758,891.1017241837583,455631113,10055076,133457605.99999428,-788478220.9999999,0,0,0,0,0,28644787660,29457067760
baseline,17,24,17280,747424133,1347452904,1848081541,1418739,2043330554,57837895,0,17223413,0,907053841,6753657,867994,15175155,-0.23693299336396123,-0.32627354799999997,-0.0759592295,0,6467312500,2000000000,2000000000,979500000,0.9396228040380501,1.0366480622173737,0,963.7914984680381,981.5290455274437,473084873,10629422,137890080.999991,-762893413.0000005,0,0,0,0,0,29772259700,30543940020
zero-fee,20261004,0,0,979500000,2000000000,2000000000,0,1000000000,100000000,0,0,0,979500000,6958383,0,0,0,0,0,0,6467312500,2000000000,2000000000,979500000,1,1,0,1000,1000,0,0,0,0,0,0,0,0,0,0,0
zero-fee,20261004,1,720,1060980881,1273335024,1972946271,0,1754664523,97240330,0,26663199,0,968502822,11171941,1103000,1103000,0.08318619806023486,-0.36333248799999995,-0.013526864499999958,0,6467312500,2000000000,2000000000,979500000,1.100383673435409,1.0638092432649693,0,1104.6932108218482,1105.8192955589582,13690694,728432,2986147.000000011,-43730570.00000101,0,0,0,0,0,1427431380,2161424880
zero-fee,20261004,2,1440,952885450,1344561489,1897938688,0,1710024135,96052917,0,31790629,0,954172472,9814480,965773,2068773,-0.027171567126084706,-0.32771925550000003,-0.05103065600000001,0,6467312500,2000000000,2000000000,979500000,1.109002484615958,0.9605152245291548,0,1016.2782888140226,1018.320834350049,29228383,1318424,9831327.999999974,-141121023.00000075,0,0,0,0,0,3066702140,3731272530
zero-fee,20261004,3,2160,1005290007,1365708062,1962522290,0,1713766222,98774309,0,33533511,0,941467774,10460495,1031618,3100391,0.026329767228177703,-0.317145969,-0.018738855000000054,0,6467312500,2000000000,2000000000,979500000,1.1616053967295514,1.00422093260867,0,1095.7752369942614,1099.080017808698,44040353,1938305,34649063.99999998,-116167126.99999909,0,0,0,0,0,4641650400,5286505200
zero-fee,20261004,4,2880,1120079712,1315532438,2047333168,0,1786644434,100970452,0,29933691,0,930083182,9420156,928357,4028748,0.143521911179173,-0.342233781,0.0236665840000001,0,6467312500,2000000000,2000000000,979500000,1.1498466893699348,1.1147808618367718,0,1242.5625045807105,1247.3249548719184,58805973,2545525,56206478.000000015,-67679283.00000048,0,0,0,0,0,6238564790,6939141350
zero-fee,20261004,5,3600,1022955782,1363039652,1982575619,0,1768172041,92930693,0,31169814,0,915163715,5235661,510456,4539204,0.04436527003573243,-0.31848017399999995,-0.00871219050000005,0,6467312500,2000000000,2000000000,979500000,0.9539435525666834,1.2483213409164622,0,1156.610746110207,1161.6122092051166,73618106,2864114,62242448.00000009,-153284935.0000003,0,0,0,0,0,7872983950,8532881440
zero-fee,20261004,6,4320,886520629,1373908490,1905202327,0,1786092072,87152707,0,32064838,0,904172227,6570793,643869,5183073,-0.0949253404798367,-0.313045755,-0.047398836499999986,0,6467312500,2000000000,2000000000,979500000,0.9432849941941348,1.0961764681266313,0,1021.4784662863367,1026.6267270482006,87743692,3260083,60629101.000000596,-243170465.99999982,0,0,0,0,0,9301565140,9956785470
zero-fee,20261004,7,5040,870762783,1369421901,1910529048,0,1821107314,86176548,0,30798923,0,892208676,2392266,247097,5430170,-0.11101298315467079,-0.31528904950000003,-0.04473547600000005,0,6467312500,2000000000,2000000000,979500000,0.7707742258380966,1.3673062083721146,0,1019.5782886231357,1025.0031207874847,100603428,3423935,69009121.00000036,-259083501.00000012,0,0,0,0,0,10657639950,11320292840
zero-fee,20261004,8,5760,737442834,1343256812,1826532017,0,1879047199,88580699,0,31019002,0,886165722,4763182,461264,5891434,-0.24712319142419603,-0.32837159400000004,-0.08673399150000005,0,6467312500,2000000000,2000000000,979500000,0.7872059578968658,1.187589926407489,0,875.5864678898438,880.7881369638425,113096249,3729218,50897872.00000025,-337462103.99999964,0,0,0,0,0,11785646440,12476892250
zero-fee,20261004,9,6480,738339752,1291369552,1827190471,0,1962915940,88689058,0,27414509,0,881761810,5423316,529018,6420452,-0.24620750178662587,-0.35431522400000004,-0.08640476450000001,0,6467312500,2000000000,2000000000,979500000,0.8195630487790287,1.1684781909830018,0,887.691428035412,893.5968594035651,125878210,4106750,45859260.00000179,-344546998.9999997,0,0,0,0,0,12898830340,13646851550
zero-fee,20261004,10,7200,746359249,1288217854,1832574280,0,1996441095,84745288,0,26170275,0,876848111,3336442,324893,6745345,-0.2380201643695763,-0.355891073,-0.08371286,0,6467312500,2000000000,2000000000,979500000,0.7299067895283693,1.3166524639255603,0,906.8614827702011,913.2876553833993,140487897,4347904,63289424.00000146,-371203040.99999976,0,0,0,0,0,14046704530,14802919300
zero-fee,20261004,11,7920,725834705,1286928444,1822377024,0,2025916294,84529959,0,27092955,0,874389001,4486045,438569,7183914,-0.2589742674834099,-0.356535778,-0.08881148800000005,0,6467312500,2000000000,2000000000,979500000,0.715208471980277,1.3410390108220547,0,889.8290065272618,896.6711421453532,153869199,4676048,59573436.00000179,-391065610.99999994,0,0,0,0,0,15107107840,15871748100
zero-fee,20261004,12,8640,684336832,1291562514,1797867041,0,2055306736,80584982,0,24907217,0,870757121,7357058,721353,7905267,-0.301340651352731,-0.354218743,-0.10106647950000003,0,6467312500,2000000000,2000000000,979500000,0.8227267749273841,1.106722619182586,0,851.542581321677,858.9814568717783,168415574,5214126,58700178.000000685,-429248711.0000001,0,0,0,0,0,16128409480,16902755890
zero-fee,20261004,13,9360,732793931,1319029148,1818251853,0,2022114053,78129787,0,24841158,0,903216567,10187915,1006546,8911813,-0.25186939152628895,-0.340485426,-0.09087407349999999,0,6467312500,2000000000,2000000000,979500000,1.0604427646495937,0.884587533940442,0,882.8736574620235,891.8496532012365,184188706,5944923,63077606.999999434,-429014460,0,0,0,0,0,17266356910,18019135390
zero-fee,20261004,14,10080,974163999,1294338134,2007510685,0,2066832408,80440147,0,22675895,0,905575741,7592905,746376,9658189,-0.00544767840735072,-0.352830933,0.0037553425000000917,0,6467312500,2000000000,2000000000,979500000,1.00456602091774,1.2286418133365298,0,1179.0838648282174,1191.9797488696424,198804022,6483908,109656288.99999896,-300949626.0000001,0,0,0,0,0,18683405660,19466920830
zero-fee,20261004,15,10800,907935433,1311287215,1963099455,0,2070265034,79442332,0,24092181,0,907973756,7514432,736046,10394235,-0.07306234507401732,-0.34435639250000005,-0.018450272499999976,0,6467312500,2000000000,2000000000,979500000,0.9850873285593521,1.1880558387203137,0,1104.225618302881,1117.20338257744,214074980,7001217,118857721.99999791,-369833246.99999994,0,0,0,0,0,20047365220,20822873220
zero-fee,20261004,16,11520,837605948,1351699116,1902996196,0,2044822456,83408923,0,24727283,0,912402112,9272418,916641,11310876,-0.14486375906074522,-0.324150442,-0.04850190200000004,0,6467312500,2000000000,2000000000,979500000,1.0834974981411907,0.9808414939732714,0,1023.467839203482,1036.6243873604071,228358245,7608734,99469905.99999699,-424831955.0000003,0,0,0,0,0,21412817920,22151896260
zero-fee,20261004,17,12240,1000410667,1280226890,2023418443,0,2134300373,80066389,0,18944702,0,915325022,6471153,632517,11943393,0.021348307299642766,-0.359886555,0.011709221500000089,0,6467312500,2000000000,2000000000,979500000,1.0244981989084374,1.1992131039661078,0,1225.961083384682,1242.5034617994072,243035278,8080787,156909510.9999978,-376526346.00000006,0,0,0,0,0,22806830230,23626779510
zero-fee,20261004,18,12960,906563532,1326218257,1958096825,0,2097829562,84405606,0,21456546,0,918116857,5631183,549402,12492795,-0.07446295865237362,-0.33689087149999997,-0.020951587500000035,0,6467312500,2000000000,2000000000,979500000,0.9506433284753848,1.1770129231740876,0,1113.761609387974,1129.4723895325576,256363539,8461986,144746950.99999863,-443013665.00000006,0,0,0,0,0,24232556450,25009291790
zero-fee,20261004,19,13680,871754375,1355147849,1927701574,0,2081843932,81390765,0,24501921,0,920553667,4756925,461575,12954370,-0.11000063808065341,-0.3224260755,-0.03614921299999996,0,6467312500,2000000000,2000000000,979500000,0.8765474968352042,1.2625187310400692,0,1073.2800204812554,1088.9948337892667,269876435,8752560,133445293.99999917,-475620155.0000001,0,0,0,0,0,25516426480,26271006250
zero-fee,20261004,20,14400,821506080,1355112225,1888726798,0,2093312223,81148198,0,23388551,0,920532002,1748675,188753,13143123,-0.16130058192955588,-0.32244388749999997,-0.05563660100000001,0,6467312500,2000000000,2000000000,979500000,0.703780225627576,1.4587713821614778,0,1013.3629075226941,1028.4362130795394,282589948,8859826,130981013.99999982,-524844164,0,0,0,0,0,26626060720,27386035990
zero-fee,20261004,21,15120,693345407,1347367075,1802852871,0,2116388140,73415788,0,22902806,0,921738220,2913281,295211,13438334,-0.29214353547728433,-0.3263164625,-0.09857356449999999,0,6467312500,2000000000,2000000000,979500000,0.6502773016087036,1.3455193646627992,0,857.0128123735093,870.130054470662,296513828,9030534,130873616.99999851,-624534573.9999998,0,0,0,0,0,27568807970,28345748340
zero-fee,20261004,22,15840,652468033,1302356758,1767938815,0,2176636746,69035247,0,20820837,0,923648528,3682945,361496,13799830,-0.33387643389484434,-0.348821621,-0.11603059250000003,0,6467312500,2000000000,2000000000,979500000,0.6452049595461282,1.2677230407078395,0,808.2303916700025,821.0546490632838,309766008,9287076,132406609.99999988,-674233803.0000002,0,0,0,0,0,28431780900,29263206780
zero-fee,20261004,23,16560,613422066,1312660985,1734382255,0,2175404843,73152455,0,21300789,0,927201020,5626726,549147,14348977,-0.373739595712098,-0.3436695075,-0.13280887249999995,0,6467312500,2000000000,2000000000,979500000,0.7228414810911231,1.0683213425407247,0,761.7522287494857,774.5300505722234,322878783,9660440,122570254.00000012,-711066781.9999996,0,0,0,0,0,29271973520,30096047920
zero-fee,20261004,24,17280,691347197,1285079147,1788631674,0,2217585560,70060176,0,20638547,0,931084460,7074363,695076,15044053,-0.2941835661051557,-0.3574604265,-0.10568416300000005,0,6467312500,2000000000,2000000000,979500000,0.8420021050229229,1.0433256809633211,0,861.6196163529065,876.9502680523681,337842247,10170912,136768273.9999994,-685978847.0000002,0,0,0,0,0,30182828110,31042140100
