scenario,seed,season,hour,capitalization,investor_cash,investor_equity,exchange_fees,bank_cash,government_cash,loan_debt,short_liability,fine_debt,company_equity,company_profit,company_dividends,cumulative_declared_dividends,capitalization_return,investor_cash_change,investor_equity_return,system_cash_difference,initial_system_cash,initial_investor_cash,initial_investor_equity,initial_capitalization,fair_value_ratio,price_to_fair_value,price_floor_stocks,price_index,total_return_index,net_contributions,paid_dividends
baseline,20261004,0,0,1420797000,1068953000,2000000000,0,1000000000,100000000,0,0,0,1420797000,10289506,0,0,0,0,0,0,5701751874,1068953000,2000000000,1420797000,1,1,0,1000,1000,0,0
baseline,20261004,1,720,1402274903,1081226226,2006633629,729396,1002561745,96746217,0,15984158,0,1427796205,10244332,3245127,3245127,-0.013036413365174582,0.011481539412864672,0.003316814499999987,0,5701751874,1068953000,2000000000,1420797000,0.952981213109987,1.0407237014635282,0,986.9635866348253,989.2476053933083,23399589,2240789
baseline,20261004,2,1440,1192191844,1091359047,1884766391,920592,1004553344,99354557,0,23363555,0,1435582760,11346771,3560216,6805343,-0.1608992389482804,0.02096074102416101,-0.05761680449999995,0,5701751874,1068953000,2000000000,1420797000,0.9727011996779978,0.8745135548394134,0,839.1007610517196,843.5541843246681,47286202,4720470
baseline,20261004,3,2160,1540825694,1095715292,2127489486,873294,1006841601,106583301,0,0,0,1442140203,9528629,2971186,9776529,0.0844798335019008,0.025035985679445316,0.06374474299999999,0,5701751874,1068953000,2000000000,1420797000,0.9267697842265363,1.1873832481190842,0,1084.4798335019007,1092.3378854044315,70250705,6743156
baseline,20261004,4,2880,1540064241,1141798093,2137991830,718414,972720933,107764647,37684004,0,0,1447158713,7297959,2279449,12055978,0.08394389979708583,0.06814620755075285,0.06899591499999991,0,5701751874,1068953000,2000000000,1420797000,0.822653683899322,1.336868935913278,0,1083.9438997970858,1093.414038630036,91654453,8289105
baseline,20261004,5,3600,1342886482,1116067196,2014104678,544550,1013137087,105624222,0,24987493,0,1452743068,8142253,2557898,14613876,-0.05483578442240522,0.044075086556658816,0.0070523389999999075,0,5701751874,1068953000,2000000000,1420797000,0.8012022069872943,1.2093437730865346,0,945.1642155775949,955.2379271741586,111864759,10071910
baseline,20261004,6,4320,1554649644,1127768452,2162892596,833490,1015419548,96043279,0,24787025,0,1458216546,8072224,2543891,17157767,0.09420954858435082,0.055021550994290624,0.08144629799999992,0,5701751874,1068953000,2000000000,1420797000,0.7966168330538547,1.391070824721581,0,1094.2481571962778,1107.7203800156271,133443983,11845826
baseline,20261004,7,5040,1640463330,1140817499,2231265329,610849,1018534840,85553930,0,25293431,0,1462319170,5958204,1855580,19013347,0.15460782222935432,0.06722886693802255,0.11563266450000009,0,5701751874,1068953000,2000000000,1420797000,0.728827505723652,1.6048413750394948,0,1154.6485619627938,1170.1865652580773,152653202,13135965
baseline,20261004,8,5760,1551723472,1151783151,2184672623,970629,1021389675,76563048,0,24956659,0,1466905498,6676926,2090598,21103945,0.09215002002397243,0.07748717764017687,0.09233631149999999,0,5701751874,1068953000,2000000000,1420797000,0.7017693642647262,1.5535147992036968,0,1092.1885559665109,1108.3773202190214,172311071,14584544
baseline,20261004,9,6480,1547376810,1161799487,2186501797,1067272,1024990603,71246709,0,24503192,0,1470529258,5328370,1704610,22808555,0.08909070753950066,0.0868574081367468,0.09325089850000001,0,5701751874,1068953000,2000000000,1420797000,0.6535498862451222,1.6656123852349842,0,1089.1291355357973,1106.490134410164,190941212,15776262
baseline,20261004,10,7200,1623442306,1172369183,2239801489,725102,1027827883,70623031,0,24341728,0,1475389052,7113928,2254134,25062689,0.14262790954654325,0.09674530404985071,0.11990074449999999,0,5701751874,1068953000,2000000000,1420797000,0.6779058363544327,1.6760528561648698,0,1142.6682265750262,1162.4945267246974,209019466,17342058
baseline,20261004,11,7920,1639739141,1182682707,2265065348,522661,1031438651,67485974,0,24052510,0,1479692817,6244084,1940319,27003008,0.15409811605739598,0.10639355238256498,0.1325326739999999,0,5701751874,1068953000,2000000000,1420797000,0.6602428146205358,1.740224589989346,0,1154.1388378061197,1175.553562841766,228542571,18693867
baseline,20261004,12,8640,1701535143,1202259843,2318886639,511005,1035326028,67048388,0,23841900,0,1477151759,6916199,2129415,29132423,0.197592015608141,0.1247078618049624,0.1594433195,0,5701751874,1068953000,2000000000,1420797000,0.6598661747149166,1.7881851695133326,0,1202.792011340904,1226.6360919996962,247433723,20168724
baseline,20261004,13,9360,1893001978,1212040013,2428845051,631820,1035981650,69272666,0,0,0,1515403207,7610442,2358994,31491417,0.3323521783900163,0.13385716023061822,0.21442252550000007,0,5701751874,1068953000,2000000000,1420797000,0.6846260723225555,1.8806030552780408,0,1314.8100580939222,1342.5753761154235,267137096,21765118
baseline,20261004,14,10080,1826340460,1205182370,2385343289,805257,1039242194,63220620,0,23743933,0,1544067752,9487284,3002389,34493806,0.28543378118056273,0.12744187069029222,0.19267164450000007,0,5701751874,1068953000,2000000000,1420797000,0.7298122116497591,1.6731454624385829,0,1253.1185148021962,1281.684621168894,289526264,23796485
baseline,20261004,15,10800,1965466356,1216943974,2489937660,977084,1042211608,60962737,0,23464863,0,1550237690,9119862,2949924,37443730,0.3833548043809214,0.13844479036964197,0.24496882999999992,0,5701751874,1068953000,2000000000,1420797000,0.7524279487878592,1.7380122802990543,0,1348.5778445298226,1381.3902333053911,312027158,25793976
baseline,20261004,16,11520,2016995559,1228233118,2529614647,845916,1045050390,58944485,0,23909486,0,1556477841,9123892,2883741,40327471,0.41962261955789604,0.1490057261638258,0.2648073234999999,0,5701751874,1068953000,2000000000,1420797000,0.7615420702137775,1.7485340391997237,0,1383.9339020374687,1419.6333246600404,333271996,27745271
baseline,20261004,17,12240,2153255806,1233763335,2616400338,729048,1048636026,63950610,0,23078629,0,1560887693,6525446,2115594,42443065,0.5155267121200284,0.1541792155501691,0.308200169,0,5701751874,1068953000,2000000000,1420797000,0.7023332689945898,2.0071463856073413,0,1477.4270059175747,1517.02717083631,351502913,29175139
baseline,20261004,18,12960,2060469606,1242344552,2567820504,794344,1051491791,64686248,0,23058695,0,1565394497,6749718,2177502,44620567,0.4502209717503627,0.16220689964853463,0.2839102520000001,0,5701751874,1068953000,2000000000,1420797000,0.6855048311000348,1.9762882890313611,0,1413.8079060319765,1453.2369678255673,368922010,30644360
baseline,20261004,19,13680,2076731040,1252791641,2586292316,553783,1054340536,61819647,0,23048819,0,1569970007,6696890,2121380,46741947,0.46166626196423555,0.17198009734759157,0.2931461580000001,0,5701751874,1068953000,2000000000,1420797000,0.675716741585232,2.0135107803746917,0,1424.965820657686,1466.2022572914539,385290527,32076166
baseline,20261004,20,14400,2100360792,1261257810,2605965519,749446,1056065102,62256889,0,22480387,0,1575497718,8169859,2642148,49384095,0.47829759775675207,0.1799001546372947,0.3029827595000001,0,5701751874,1068953000,2000000000,1420797000,0.7122791785068733,1.9014113899119574,0,1441.179566348422,1484.7506000192316,401696431,33860720
baseline,20261004,21,15120,2230340765,1271463017,2693699623,555066,1058969743,59695837,0,22164854,0,1580107692,6797865,2187891,51571986,0.5697814430914481,0.1894470729770159,0.34684981150000005,0,5701751874,1068953000,2000000000,1420797000,0.6881813280078045,2.0917922641679474,0,1530.3663774123183,1578.1804127088874,417894946,35343180
baseline,20261004,22,15840,2137450126,1280140334,2651644286,514893,1061764579,59932493,0,21980428,0,1584934218,7123560,2297034,53869020,0.5044021953875184,0.19756465812809365,0.3258221429999999,0,5701751874,1068953000,2000000000,1420797000,0.6842717520833337,2.0196591829115937,0,1466.6287132254085,1514.0767317058235,434695215,36898210
baseline,20261004,23,16560,2253113396,1288134808,2730537510,665344,1063807593,63301815,0,0,0,1591145437,9103933,2892714,56761734,0.5858095111405781,0.20504344718617196,0.365268755,0,5701751874,1068953000,2000000000,1420797000,0.740067875947765,1.9661553234522102,0,1545.9920025878585,1598.0566358895117,452554850,38822418
baseline,20261004,24,17280,2312576558,1311137816,2784855317,890322,1066549541,58712466,0,21604374,0,1587443793,9844888,3142280,59904014,0.6276614871793789,0.22656264213674504,0.39242765849999994,0,5701751874,1068953000,2000000000,1420797000,0.7829734632361677,1.9212358180291964,0,1593.9320944967944,1649.8399265965395,473242312,40947191
baseline,20261004,25,18000,2502886280,1321344229,2887776409,883537,1064303469,60481404,0,21576451,0,1651848191,10027888,3263490,63167504,0.7616072387540234,0.2361106886832256,0.4438882045000001,0,5701751874,1068953000,2000000000,1420797000,0.8039766415593383,1.9546749966339603,0,1685.374052226683,1746.8174903153606,493170960,43122750
baseline,20261004,26,18720,2657060357,1280998385,2956498598,966575,1068184924,65788076,0,0,0,1704752951,8500273,2755513,65923017,0.8701196279271424,0.19836736039844594,0.478249299,0,5701751874,1068953000,2000000000,1420797000,0.7501769434770387,2.164399459804638,0,1756.0131495202918,1821.9193368722533,514181546,44930177
baseline,20261004,27,19440,2515411631,1293765788,2877512164,748797,1070145351,67911793,0,0,0,1712618232,11648730,3783449,69706466,0.7704229604933006,0.21031119983759816,0.43875608200000005,0,5701751874,1068953000,2000000000,1420797000,0.8286753389259597,1.871936412466104,0,1662.3995344537384,1727.3865147676204,535125042,47410261
baseline,20261004,28,20160,2626185300,1304926353,2958239490,647883,1073581372,66660924,0,21036262,0,1717954513,7858641,2522360,72228826,0.8483888268345161,0.22075185064263825,0.479119745,0,5701751874,1068953000,2000000000,1420797000,0.7448542201818229,2.1115890458662525,0,1735.608266378908,1805.1893007050944,554508786,49076822
baseline,20261004,29,20880,2542230384,1316950114,2920346201,733658,1077162685,62583739,0,21165712,0,1722756196,7013969,2212286,74441112,0.7892988118640454,0.23200001683890692,0.46017310050000004,0,5701751874,1068953000,2000000000,1420797000,0.6898411016964636,2.1998563604186363,0,1680.1236643545394,1749.0009879125807,572712782,50540523
baseline,20261004,30,21600,2486311827,1329780051,2895251292,587497,1080469395,56276905,0,20968857,0,1727212935,6547082,2090343,76531455,0.7499416362787927,0.24400235651146485,0.4476256460000001,0,5701751874,1068953000,2000000000,1420797000,0.6554692538660232,2.2683476783661507,0,1643.1678906042332,1711.9683098138148,590000244,51924075
baseline,20261004,31,22320,2464106346,1340791683,2891604336,639298,1083320057,52895776,0,20671518,0,1731756692,6712951,2169194,78700649,0.7343127455927905,0.25430368126568714,0.44580216799999994,0,5701751874,1068953000,2000000000,1420797000,0.6478733636557659,2.2763658107369698,0,1628.4926061212532,1698.1721769161443,605824675,53363734
baseline,20261004,32,23040,2477313335,1353087510,2919074193,687144,1085505825,47322843,0,20916073,0,1737079356,7872409,2549745,81250394,0.7436082248202944,0.26580636379709865,0.4595370965000001,0,5701751874,1068953000,2000000000,1420797000,0.6629250682711559,2.1967985547999853,0,1637.2209160704315,1709.0311430160866,622123097,55060198
baseline,20261004,33,23760,2551662263,1361379098,2969303724,774506,1088621578,47733067,0,20580578,0,1741132839,5985830,1932347,83182741,0.795937254231252,0.2735631014647042,0.484651862,0,5701751874,1068953000,2000000000,1420797000,0.6266666826531757,2.3769690170426774,0,1686.3570581519555,1761.65552151602,637468930,56339868
baseline,20261004,34,24480,2459716699,1374087721,2922461754,763614,1090721664,43485405,0,20267342,0,1747450370,9315072,2997541,86180282,0.7312231789622303,0.2854519525180246,0.461230877,0,5701751874,1068953000,2000000000,1420797000,0.6910442839451912,2.0914043107501277,0,1625.5915512643528,1700.2462283983436,654956687,58329963
baseline,20261004,35,25200,2637348316,1385745095,3054304712,878838,1092948240,42660238,0,20197081,0,1753963459,9618243,3105154,89285436,0.8562456959016664,0.2963573655717324,0.527152356,0,5701751874,1068953000,2000000000,1420797000,0.7312787847019945,2.1255099102139434,0,1742.9857438353997,1825.1781009796823,673062577,60388815
baseline,20261004,36,25920,2768750180,1404787994,3148430345,769904,1096296900,43315583,0,19962497,0,1750325424,8681945,2768043,92053479,0.9487303112267269,0.31417189904514053,0.5742151725,0,5701751874,1068953000,2000000000,1420797000,0.7121503875962629,2.2549312048881966,0,1836.140092918508,1924.640868453285,692137142,62216995
baseline,42,0,0,1422467100,1067282900,2000000000,0,1000000000,100000000,0,0,0,1422467100,10307087,0,0,0,0,0,0,5700708062,1067282900,2000000000,1422467100,1,1,0,1000,1000,0,0
baseline,42,1,720,1528857376,1079659138,2095700014,709291,1002562595,96883483,0,21901108,0,1429609815,10458249,3315534,3315534,0.07479278501414899,0.011596023884576478,0.04785000700000008,0,5700708062,1067282900,2000000000,1422467100,0.9582152451060496,1.1259995881186902,0,1074.7927850141489,1077.1236185357097,23428960,2313646
baseline,42,2,1440,1659133556,1090372823,2207160879,1043387,1004327554,93091215,0,24747622,0,1437048122,10862311,3424004,6739538,0.16637745505678136,0.02163430426928037,0.10358043949999995,0,5700708062,1067282900,2000000000,1422467100,0.9662760982599038,1.2170839287817095,0,1166.3774550567812,1171.3192107797377,48946476,4693398
baseline,42,3,2160,1320312987,1098216154,1981702141,1059789,1007107298,91321100,0,18551095,0,1443233474,9070205,2884853,9624391,-0.07181474566265889,0.028983181497614252,-0.009148929500000014,0,5700708062,1067282900,2000000000,1422467100,0.9010561860932953,1.0471887559331208,0,928.185254337341,934.1544832538215,73934223,6704476
baseline,42,4,2880,1476829998,1139497283,2100047967,652463,979303842,92287486,29899314,26351442,0,1450269089,10276667,3241052,12865443,0.03821733240789893,0.06766189451737681,0.050023983500000035,0,5700708062,1067282900,2000000000,1422467100,0.9120187093620444,1.153954660464457,0,1038.2173324078988,1047.187311270229,95295501,8962916
baseline,42,5,3600,1446713790,1117170514,2085218804,748394,1011787750,94732992,0,25590240,0,1455893369,8227990,2603710,15469153,0.017045519014112775,0.04674263402889722,0.042609402000000074,0,5700708062,1067282900,2000000000,1422467100,0.8544080174674982,1.2116634238892288,0,1017.0455190141128,1027.6788107346454,115844276,10776526
baseline,42,6,4320,1599820433,1131340343,2202261276,707322,1013581330,84889266,0,25145066,0,1462209782,9270050,2903483,18372636,0.12468009488585019,0.06001917860765871,0.1011306380000001,0,5700708062,1067282900,2000000000,1422467100,0.8666397758297241,1.3144970519799792,0,1124.7153533463095,1138.5368422692127,136612690,12797753
baseline,42,7,5040,1783903738,1139173954,2332033192,878473,1015399560,80514618,0,25537172,0,1467710563,8008413,2507632,20880268,0.25409138671818843,0.06735894859741509,0.16601659599999996,0,5700708062,1067282900,2000000000,1422467100,0.8394477893105675,1.505667384318398,0,1254.1307021926705,1271.327155373073,156724163,14542403
baseline,42,8,5760,1705569832,1145769317,2284798149,588922,1018366477,82109706,0,25507128,0,1471730749,5886404,1866218,22746486,0.19902234083304982,0.07353853134909216,0.1423990744999999,0,5700708062,1067282900,2000000000,1422467100,0.741539106680052,1.6133882534073782,0,1199.0599299056994,1216.8312505817157,173749206,15850363
baseline,42,9,6480,1650538485,1156982852,2247804837,501324,1022149455,77097689,0,24800403,0,1475197840,5084086,1616995,24363481,0.1603350861330992,0.08404515054068606,0.12390241849999994,0,5700708062,1067282900,2000000000,1422467100,0.6678158757381062,1.7270217004559243,0,1160.3714623692754,1178.723017471749,191094238,16982425
baseline,42,10,7200,1585296503,1166590773,2212151276,562979,1026049155,75968189,0,24327091,0,1478731089,5130546,1597297,25960778,0.1144697146246827,0.09304737572390609,0.10607563800000008,0,5700708062,1067282900,2000000000,1422467100,0.6271638024752778,1.7700993193691836,0,1114.504652992086,1133.2715143223168,208425475,18094961
baseline,42,11,7920,1679385798,1178662345,2284725643,535574,1030077296,73778245,0,0,0,1483141594,6424117,2013612,27974390,0.18061486132087,0.10435794014876465,0.1423628214999999,0,5700708062,1067282900,2000000000,1422467100,0.6293798887758135,1.8623998339425563,0,1180.6518733233006,1201.9720298035338,226575364,19470573
baseline,42,12,8640,1641781325,1207253051,2278290948,924525,1033981696,66109663,0,23784224,0,1473683774,7100425,2219136,30193526,0.15417876800103136,0.1311462509143546,0.139145474,0,5700708062,1067282900,2000000000,1422467100,0.6449019632306923,1.7633281147193764,0,1164.295717624675,1186.9087981035912,248098201,21024287
baseline,42,13,9360,1851821445,1221676804,2409838741,801564,1032901998,64007382,0,23956722,0,1514628575,11651866,3707065,33900591,0.30183780348944445,0.1446607117944081,0.2049193705000001,0,5700708062,1067282900,2000000000,1422467100,0.8088821994496112,1.5670491850663164,0,1289.8465753576672,1317.5781027437579,269468290,23582928
baseline,42,14,10080,2181280652,1196976053,2604752423,834802,1035129945,75273614,0,0,0,1549001541,10853254,3480288,37380879,0.5334489296799905,0.12151712821408456,0.30237621149999994,0,5700708062,1067282900,2000000000,1422467100,0.8511603298612408,1.7134680548078909,0,1499.0516258129269,1533.7242308675245,291025941,25901738
baseline,42,15,10800,2108337007,1205610743,2565158874,1190614,1037188540,78454149,0,24018379,0,1556615689,11162951,3548803,40929682,0.482169258607106,0.12960747614339185,0.2825794370000001,0,5700708062,1067282900,2000000000,1422467100,0.888776475211122,1.5883307782857297,0,1448.9222261276034,1484.9306239673608,313664441,28299168
baseline,42,16,11520,2131007131,1212373526,2585312217,716991,1041177699,80411479,0,23250504,0,1561269883,6870283,2216089,43145771,0.4981064454847497,0.1359439245208558,0.2926561084999999,0,5700708062,1067282900,2000000000,1422467100,0.7638611432627641,1.833396390927399,0,1464.5019206563295,1502.458324555823,334070405,29796513
baseline,42,17,12240,2179531314,1224739234,2626552772,668411,1043494124,76864830,0,22857920,0,1567651796,9372649,2990736,46136507,0.5322191381438628,0.1475300822303065,0.3132763860000001,0,5700708062,1067282900,2000000000,1422467100,0.7859590003079092,1.8134524031826988,0,1497.8494201404967,1538.778718685171,353601600,31820655
baseline,42,18,12960,2179779471,1235958409,2635056094,488047,1045781329,71992630,0,22518090,0,1573178215,8163268,2636849,48773356,0.5323935934968198,0.15804198586897633,0.3175280469999999,0,5700708062,1067282900,2000000000,1422467100,0.7712183523283362,1.8620216886590442,0,1498.019962227305,1540.815572116713,372247950,33607230
baseline,42,19,13680,2210474936,1243986412,2669313672,671193,1049173141,71334322,0,22886612,0,1577119740,5826674,1885149,50658505,0.5539726268537248,0.16556389313461306,0.33465683599999996,0,5700708062,1067282900,2000000000,1422467100,0.696312481445528,2.08032752206548,0,1519.1149490971259,1563.8457538705077,388507403,34882043
baseline,42,20,14400,2147457671,1254864985,2635883334,658748,1051223209,68788830,0,22547253,0,1582553724,8031013,2597029,53255534,0.5096712401995096,0.17575666676567203,0.31794166699999993,0,5700708062,1067282900,2000000000,1422467100,0.7089978888567309,1.94091095037946,0,1475.8073016076023,1521.1002207827455,404721393,36635881
baseline,42,21,15120,2277748769,1265569821,2728499508,862168,1054450070,61349533,0,22473830,0,1586666037,6034344,1922031,55177565,0.6012663976551724,0.1857866560028274,0.36424975400000004,0,5700708062,1067282900,2000000000,1422467100,0.6626366610240371,2.190940741925026,0,1565.3478575680515,1614.7502248913854,422205572,37928444
baseline,42,22,15840,2230328041,1275334552,2706743053,762913,1057788715,60286328,0,22141963,0,1591362248,6924140,2227929,57405494,0.5679294382274289,0.19493580568001234,0.3533715264999999,0,5700708062,1067282900,2000000000,1422467100,0.6542033737672673,2.1805702286892497,0,1532.7586905846767,1582.711975835169,438952801,39437160
baseline,42,23,16560,2241782542,1289860591,2731597123,551202,1059521952,55302968,0,21825553,0,1598318257,10246767,3290758,60696252,0.5759819977558707,0.20854610431779608,0.3657985614999999,0,5700708062,1067282900,2000000000,1422467100,0.7551447433738724,1.90793975785902,0,1540.6306204673272,1593.175682329048,457655551,41662915
baseline,42,24,17280,2375261376,1308027359,2830489024,1071744,1061927363,53548206,0,21489629,0,1597708924,10846061,3496619,64192871,0.6698181462333996,0.22556761567153383,0.4152445119999999,0,5700708062,1067282900,2000000000,1422467100,0.833413035997866,1.8573363557504885,0,1637.8314449133431,1696.176612731835,478768449,44022872
baseline,42,25,18000,2637127268,1316243888,2950151021,598879,1057776790,56981433,0,20981605,0,1675519917,10671025,3480032,67672903,0.8539109045123083,0.2332661640133089,0.47507551049999996,0,5700708062,1067282900,2000000000,1422467100,0.8619051215571611,1.923582062283955,0,1769.7026312985595,1835.2305970717025,499298867,46333144
baseline,42,26,18720,2636250577,1286317122,2931503030,855961,1038490815,65153806,21673791,21172448,0,1740613762,10812238,3499893,71172796,0.8532945872702433,0.2052260202051397,0.465751515,0,5700708062,1067282900,2000000000,1422467100,0.8594540787022033,1.888046408842803,0,1731.6596037802544,1798.1630055564217,520772338,48637027
baseline,42,27,19440,2693966803,1277433452,2972889624,786776,1064283637,60935910,0,21031159,0,1746013050,7943445,2544157,73716953,0.8938693225312557,0.19690238829836026,0.486444812,0,5700708062,1067282900,2000000000,1422467100,0.766972640351941,2.1119455255252166,0,1769.5713477998943,1839.2660753315934,542123822,50306566
baseline,42,28,20160,2672967815,1288512034,2969518783,915128,1067524438,61186748,0,0,0,1752258274,9184799,2939575,76656528,0.8791069508742944,0.20728256210232554,0.4847593914999999,0,5700708062,1067282900,2000000000,1422467100,0.7574076233570887,2.1263033352311327,0,1755.7778565600565,1826.936277639097,561907313,52219967
baseline,42,29,20880,2557912980,1302828683,2910327142,768010,1070561757,54923278,0,20309210,0,1758216692,8746958,2788540,79445068,0.7982229465974995,0.22069667095762524,0.45516357099999993,0,5700708062,1067282900,2000000000,1422467100,0.7474124685958539,2.069627881439069,0,1680.2024117494086,1750.20382843389,581315896,54062408
baseline,42,30,21600,2611922844,1313763902,2958848264,747486,1074122631,51921942,0,20449432,0,1762573210,6409744,2053226,81498294,0.8361920947064434,0.2309425195512831,0.4794241319999999,0,5700708062,1067282900,2000000000,1422467100,0.6881644604148776,2.2837173119960053,0,1715.6795778846918,1788.5639429174687,598179197,55422744
baseline,42,31,22320,2524617442,1323310768,2910587961,1009752,1077274354,47359856,0,20507549,0,1766565411,5882589,1890388,83388682,0.7748160516331097,0.23988753872098956,0.45529398050000003,0,5700708062,1067282900,2000000000,1422467100,0.6503377145511978,2.3290051938238228,0,1658.33175247151,1730.074384324601,615319167,56672752
baseline,42,32,23040,2425066105,1334765517,2863727523,954691,1079313289,44129814,0,19937800,0,1772377909,8563033,2750535,86139217,0.7048310677976313,0.2506201654687805,0.43186376150000005,0,5700708062,1067282900,2000000000,1422467100,0.6884001810510701,2.093421230512731,0,1592.9400062205182,1663.7385565131608,631963767,58486096
baseline,42,33,23760,2560676319,1343112530,2953853773,882494,1083217667,43761668,0,19865074,0,1775924371,5207903,1661441,87800658,0.8001655848490274,0.258440971929748,0.47692688650000004,0,5700708062,1067282900,2000000000,1422467100,0.6253193370125445,2.421680842813581,0,1682.0175512356163,1757.915018205886,647420548,59580769
baseline,42,34,24480,2509106657,1351407204,2921745781,1054442,1086247567,44693476,0,19539085,0,1780951191,7424273,2397453,90198111,0.7639119084019588,0.26621273890924324,0.4608728904999999,0,5700708062,1067282900,2000000000,1422467100,0.6430778103641627,2.3030613904460697,0,1648.1432673397262,1724.1580907730524,664551631,61158247
baseline,42,35,25200,2520804092,1364984955,2952205915,1012918,1089524834,39598939,0,19803186,0,1786247177,7786894,2490908,92689019,0.7721352514936901,0.2789345308540032,0.4761029575,0,5700708062,1067282900,2000000000,1422467100,0.6567654374535401,2.274494054188328,0,1655.826897960453,1733.9077545866135,683101792,62804351
baseline,42,36,25920,2636354643,1383826365,3036516429,835093,1091905510,41044363,0,0,0,1786222397,9987867,3219013,95908032,0.8533677460800324,0.2965881538999642,0.5182582145000001,0,5700708062,1067282900,2000000000,1422467100,0.7219000898729723,2.142284313626418,0,1736.1904585302561,1820.2750384996439,701476583,64912558
baseline,17,0,0,1423472400,1066277600,2000000000,0,1000000000,100000000,0,0,0,1423472400,10317392,0,0,0,0,0,0,5700079749,1066277600,2000000000,1423472400,1,1,0,1000,1000,0,0
baseline,17,1,720,1371074841,1078040504,1978515345,735553,1002551754,97207677,0,16678673,0,1430559225,10271664,3184839,3184839,-0.036809676815651615,0.011031746329473568,-0.010742327500000037,0,5700079749,1066277600,2000000000,1423472400,0.9528711105780716,1.014590126335215,0,963.1903231843485,965.4276963852608,23497399,2204606
baseline,17,2,1440,1225996468,1137846230,1913119147,639446,961539386,92021498,44861551,26819616,0,1436101489,8071336,2529072,5713911,-0.13872831816057696,0.06712007267150688,-0.04344042650000002,0,5700079749,1066277600,2000000000,1423472400,0.8477066888438766,1.0296655169088542,0,861.2716818394232,865.0531295342006,46416185,3987432
baseline,17,3,2160,1462876622,1149691880,2090507784,554913,966417700,90947158,42281218,26222593,0,1443771098,11176022,3506413,9220324,0.027681760461249594,0.07822942168155844,0.04525389200000007,0,5700079749,1066277600,2000000000,1423472400,0.9016237359217336,1.1534094055034354,0,1027.6817604612497,1034.6679347224745,68428589,6430772
baseline,17,4,2880,1581118644,1112317366,2166910510,504141,1012859248,96827317,0,640508,0,1448132275,6343533,1982356,11202680,0.11074766465440433,0.04317802981137375,0.08345525500000006,0,5700079749,1066277600,2000000000,1423472400,0.7649051099036506,1.444973749550021,0,1110.7476646544044,1119.700607346971,88912488,7784320
baseline,17,5,3600,1347129144,1165612283,2021382708,1019572,975440686,89903926,40122219,26679455,0,1453911476,8362667,2583466,13786146,-0.053631707927740635,0.0931602455120506,0.010691353999999986,0,5700079749,1066277600,2000000000,1423472400,0.7691224703179856,1.2302530222850332,0,946.3682920722595,955.8258229993186,110763109,9586711
baseline,17,6,4320,1604053759,1134986715,2193540974,490891,1019005292,89662880,0,0,0,1457728942,5633347,1760106,15546252,0.12685975435842667,0.06443829918212662,0.0967704869999999,0,5700079749,1066277600,2000000000,1423472400,0.696223727050373,1.6079505498879496,0,1126.8989367127879,1139.4094449808908,128726796,10791317
baseline,17,7,5040,1495431386,1147296169,2130929555,697362,1021255772,80702112,0,26589051,0,1462566672,7074757,2237027,17783279,0.05055172548480735,0.0759826230992755,0.0654647774999999,0,5700079749,1066277600,2000000000,1423472400,0.7079050289873215,1.471483439730661,0,1050.5882545114441,1063.840613599869,148210000,12352839
baseline,17,8,5760,1482060531,1158259299,2135331830,485055,1023738635,78932921,0,26007234,0,1467074251,6568938,2061359,19844638,0.04115859991384441,0.08626430771874039,0.06766591500000008,0,5700079749,1066277600,2000000000,1423472400,0.6875040484588276,1.4846635262580343,0,1041.1948023294958,1055.795108284962,165197441,13785464
baseline,17,9,6480,1601608845,1170076303,2227829148,747831,1025768166,74307423,0,25665682,0,1472842852,8416546,2647945,22492583,0.1251421840001956,0.09734679130462842,0.11391457400000005,0,5700079749,1066277600,2000000000,1423472400,0.736590542671951,1.4950247005351753,0,1125.1813066324394,1142.8456772761454,183907747,15626487
baseline,17,10,7200,1718635789,1178513838,2304866627,928119,1028802976,70368733,0,24543011,0,1477681085,7059004,2220771,24713354,0.2073544868168853,0.10525986666136466,0.1524333135,0,5700079749,1066277600,2000000000,1423472400,0.7137768229148356,1.6542487111500328,0,1207.3964680760073,1227.936201119254,204119014,17166607
baseline,17,11,7920,1704245457,1189096925,2309512882,783392,1032123082,66447093,0,25203991,0,1482400023,6898901,2179963,26893317,0.19724517103387473,0.11518513096401906,0.15475644099999997,0,5700079749,1066277600,2000000000,1423472400,0.6936941892945426,1.6868049703562356,0,1197.2868007791621,1219.212099002861,224425281,18686299
baseline,17,12,8640,1734937471,1208037692,2348381063,982420,1036270895,61488434,0,24900130,0,1479796362,6756798,2098127,28991444,0.2188065402602819,0.13294857924427927,0.17419053150000008,0,5700079749,1066277600,2000000000,1423472400,0.6634015613246066,1.778010677636822,0,1223.950939628033,1247.8655183069945,245808149,20146168
baseline,17,13,9360,1833090318,1221797756,2396716974,589355,1035792543,61253961,0,24444487,0,1519577093,9922223,3141492,32132936,0.28775964886990435,0.14585334625804758,0.19835848699999992,0,5700079749,1066277600,2000000000,1423472400,0.7543286991115373,1.619970789335199,0,1269.9144914205526,1296.9866838580153,266501814,22317843
baseline,17,14,10080,2013983945,1202780441,2508925986,478221,1039850063,63346837,0,24314247,0,1551412186,7187398,2352305,34485241,0.4148387738322148,0.12801810804240854,0.25446299299999997,0,5700079749,1066277600,2000000000,1423472400,0.6999982026404815,1.8757937632081876,0,1375.8167817603025,1406.7878037096805,287575616,23908551
baseline,17,15,10800,1951889431,1211983233,2474959264,961188,1043390043,66310240,0,24138437,0,1556913003,8132006,2631189,37116430,0.3712169136542445,0.13664887361415068,0.2374796320000001,0,5700079749,1066277600,2000000000,1423472400,0.6984252350179232,1.8217718218915833,0,1333.3980352610845,1365.2520801575124,308782949,25687753
baseline,17,16,11520,1931949057,1223442443,2466864600,858351,1046388522,67342923,0,23653932,0,1562719867,8573487,2766623,39883053,0.35720865188534745,0.14739580293161936,0.23343230000000004,0,5700079749,1066277600,2000000000,1423472400,0.7196394389969072,1.7619760906165134,0,1319.77612866551,1353.2398734697347,329171759,27571644
baseline,17,17,12240,1958923449,1236669845,2502843794,752310,1050004540,61052721,0,23240608,0,1567941407,7674671,2453131,42336184,0.3761583638713333,0.15980101710849026,0.25142189699999995,0,5700079749,1066277600,2000000000,1423472400,0.7000383983585688,1.8354915002671122,0,1338.2031977012468,1373.8524757310377,349005832,29233487
baseline,17,18,12960,2044145076,1247115962,2567603838,828902,1052413412,57531950,0,23537835,0,1573104242,7614319,2411985,44748169,0.43602719378331467,0.16959782518173494,0.28380191900000007,0,5700079749,1066277600,2000000000,1423472400,0.7078541673652186,1.8711056665877497,0,1396.4477970555777,1435.340289695325,367840590,30864547
baseline,17,19,13680,2072993750,1253133075,2586002125,843489,1055199073,60031411,0,22815905,0,1577743783,6871471,2231930,46980099,0.456293602882641,0.17524092694060167,0.2930010624999999,0,5700079749,1066277600,2000000000,1423472400,0.6898881800368105,1.9511079210475293,0,1416.155628817747,1457.164202133362,384660162,32373202
baseline,17,20,14400,2091688051,1263137207,2613929358,661357,1058684568,54968599,0,23530803,0,1581458382,5460928,1746329,48726428,0.469426489055917,0.18462322288304667,0.306964679,0,5700079749,1066277600,2000000000,1423472400,0.6368555889879608,2.106383161031265,0,1428.926549901307,1471.5324819726327,401221883,33549918
baseline,17,21,15120,2060253526,1273096850,2591966776,755489,1062460351,50243260,0,22646014,0,1584818381,4975503,1615504,50341932,0.4473435003024997,0.19396379516928808,0.295983388,0,5700079749,1066277600,2000000000,1423472400,0.5994940914293055,2.208995643977001,0,1407.4522065667156,1450.5543739028624,417945641,34650838
baseline,17,22,15840,2048563822,1286171861,2599102183,477109,1064807679,46459425,0,22752008,0,1590141608,7824833,2501606,52843538,0.4391313958739207,0.20622609065406605,0.2995510914999999,0,5700079749,1066277600,2000000000,1423472400,0.6582509630897255,2.002574454911929,0,1399.4664419599417,1444.0853468760615,434917106,36347666
baseline,17,23,16560,2187329216,1293897891,2696433807,554272,1068857493,49386982,0,0,0,1593845066,5496822,1793364,54636902,0.536615122288286,0.21347188668316774,0.3482169035,0,5700079749,1066277600,2000000000,1423472400,0.6180559092188216,2.273751671706281,0,1494.263348027899,1543.1688319122925,451336183,37550330
baseline,17,24,17280,2081256633,1307883815,2644058140,843917,1070945295,48952840,0,22365827,0,1600834322,11074493,3535397,58172299,0.46209833994673866,0.22658847470864996,0.3220290699999999,0,5700079749,1066277600,2000000000,1423472400,0.776062787182174,1.7745006645202028,0,1422.1759978042244,1471.2163830328966,470692108,39938824
baseline,17,25,18000,2492096131,1317649854,2869064887,1039445,1067006550,50894266,0,22521078,0,1678680419,10723656,3497559,61669858,0.7507161578967039,0.23574747701724208,0.4345324435,0,5700079749,1066277600,2000000000,1423472400,0.8350570129656604,1.8699469540441276,0,1654.6567002648144,1714.1860184772959,491523480,42273063
baseline,17,26,18720,2572784678,1297174392,2894782473,891409,1038031053,58716095,30950323,22039507,0,1744490907,11823026,3792538,65462396,0.8074004652285496,0.21654472718924223,0.4473912364999999,0,5700079749,1066277600,2000000000,1423472400,0.884003431731449,1.7982653430611748,0,1668.6085420497664,1731.1879887501625,513779734,44779197
baseline,17,27,19440,2680507902,1275454768,2965431478,731448,1070924466,61193749,0,21962051,0,1752338864,11573055,3725098,69187494,0.8830768352094498,0.196175149885921,0.4827157390000001,0,5700079749,1066277600,2000000000,1423472400,0.9070847607366642,1.8147346869868026,0,1738.4736548516937,1806.1798829660324,536004774,47243436
baseline,17,28,20160,2726349404,1284131338,3010987708,1224433,1074209551,63153921,0,21685973,0,1758862803,9631767,3107828,72295322,0.9152808329827822,0.20431240232374748,0.505493854,0,5700079749,1066277600,2000000000,1423472400,0.8315588661350211,1.9743180323137783,0,1768.204678388826,1839.1629213912124,557240295,49303273
baseline,17,29,20880,2659398072,1295829476,2980348896,1211527,1077737341,57520438,0,21811582,0,1763982293,7541838,2422348,74717670,0.8682470218600655,0.21528340837320403,0.4901744480000001,0,5700079749,1066277600,2000000000,1423472400,0.7539285202580144,2.1076885917455015,0,1724.7826363376219,1795.6324353303592,577906775,50900511
baseline,17,30,21600,2521277145,1306103700,2901237583,1114212,1081493442,52314788,0,21387104,0,1768188035,6157127,1951385,76669055,0.7712160383299318,0.22491900795815267,0.45061879149999995,0,5700079749,1066277600,2000000000,1423472400,0.6831549464509712,2.214800025736733,0,1635.202750154845,1703.6904094660638,596647711,52188250
baseline,17,31,22320,2540639159,1316723494,2922319963,987817,1083125959,51715530,0,0,0,1774561659,9368995,2995371,79664426,0.7848179978761793,0.2348786976299606,0.46115998150000004,0,5700079749,1066277600,2000000000,1423472400,0.7457884330222898,2.0478549467558333,0,1647.7602028744413,1718.797857086712,613805618,54151771
baseline,17,32,23040,2582271708,1328064418,2964881048,1066688,1085000787,46286746,0,20964077,0,1780575949,8831382,2817092,82481518,0.8140651747093937,0.2455146933594028,0.48244052400000004,0,5700079749,1066277600,2000000000,1423472400,0.7478656765206004,2.038468314084443,0,1674.7614624367877,1748.8690096265925,631482596,56023204
baseline,17,33,23760,2731573933,1334993398,3064350217,1002019,1087399399,48069128,0,0,0,1785982338,7982794,2576405,85057923,0.9189511036532918,0.2520129823603159,0.5321751084999999,0,5700079749,1066277600,2000000000,1423472400,0.7307086726774746,2.192244156041753,0,1771.5931056412628,1851.7303113279777,647911489,57711023
baseline,17,34,24480,2599808144,1345825374,2997143070,902449,1089268703,48429233,0,20736274,0,1792185263,9156911,2953986,88011909,0.8263846520663134,0.2621716652398962,0.49857153499999995,0,5700079749,1066277600,2000000000,1423472400,0.7567831093991795,2.0306634312403755,0,1686.1349159391057,1764.4089625662584,665279305,59667823
baseline,17,35,25200,2761040497,1358399942,3104373779,621171,1092362143,46649870,0,20512253,0,1798029551,8600461,2756173,90768082,0.9396515850957139,0.2739646242216849,0.5521868894999999,0,5700079749,1066277600,2000000000,1423472400,0.7376183352541266,2.2023513269600645,0,1790.7039783138557,1875.702876965358,682756195,61489663
baseline,17,36,25920,2689551446,1379034963,3078720087,679823,1095304855,47295639,0,20053425,0,1796401554,9827897,3128473,93896555,0.8894299924606899,0.29331701519379183,0.5393600435000001,0,5700079749,1066277600,2000000000,1423472400,0.7573124404122922,2.087698692288833,0,1749.739790269283,1834.9195688535904,701210881,63556919
baseline,20260308,0,0,1421621200,1068128800,2000000000,0,1000000000,100000000,0,0,0,1421621200,10310723,0,0,0,0,0,0,5701236749,1068128800,2000000000,1421621200,1,1,0,1000,1000,0,0
baseline,20260308,1,720,1189170317,1080197030,1863727347,748770,1002540634,97031575,0,16351273,0,1428759252,10364135,3226083,3226083,-0.16351112588923122,0.011298478235957976,-0.06813632650000001,0,5701236749,1068128800,2000000000,1421621200,0.9554054276879885,0.8795540349597162,0,836.4888741107687,838.7581727115495,23630684,2247440
baseline,20260308,2,1440,1187383564,1097221508,1890533572,656951,1005183185,91308882,0,25660778,0,1436410376,11179070,3527946,6754029,-0.1647679677258611,0.027237078524612324,-0.054733213999999974,0,5701236749,1068128800,2000000000,1421621200,0.9513997606417255,0.8908534941421619,0,835.2320322741389,839.9862893556849,47328641,4719968
baseline,20260308,3,2160,1417107576,1108062245,2059435821,719334,1009481619,89015020,0,27464363,0,1441274736,7013904,2149544,8903573,-0.0031749836032270995,0.037386357338178744,0.029717910500000055,0,5701236749,1068128800,2000000000,1421621200,0.817521667131241,1.2405870883590306,0,996.825016396773,1004.0197270832656,69681843,6224589
baseline,20260308,4,2880,1338391013,1119783793,2017581806,998616,1013302068,86627382,0,24646290,0,1446202038,7191139,2263837,11167410,-0.05854596639386078,0.04836026610273958,0.008790902999999961,0,5701236749,1068128800,2000000000,1421621200,0.7567433026210231,1.2674478530580395,0,941.4540336061393,949.8530241502724,91286143,7815306
baseline,20260308,5,3600,1342161886,1132688759,2030929645,771987,1017456572,78671436,0,25729129,0,1450168829,5774015,1807224,12974634,-0.05589345037904614,0.0604421105394779,0.01546482250000003,0,5701236749,1068128800,2000000000,1421621200,0.6879451875238396,1.393429304749034,0,944.106549620954,953.8117867637325,112585838,9077831
baseline,20260308,6,4320,1380071114,1150473372,2064162643,729884,1013161545,77399413,8365343,26162007,0,1453512105,4930951,1543216,14517850,-0.029227255474243097,0.07709236189493263,0.03208132149999998,0,5701236749,1068128800,2000000000,1421621200,0.6341355506876153,1.5498643374010035,0,970.8040179760967,981.8803916131368,130781466,10163466
baseline,20260308,7,5040,1429310997,1155778137,2102308634,646634,1025113136,68012728,0,25714694,0,1457302314,5517372,1727163,16245013,0.005409174398918637,0.08205877137663542,0.05115431699999995,0,5701236749,1068128800,2000000000,1421621200,0.6224789850841996,1.6329384912766929,0,1005.4415636620743,1018.1419600049244,149227684,11367695
baseline,20260308,8,5760,1451217564,1169222286,2130930350,647098,1026685629,61306820,0,25564890,0,1462565571,7650433,2387176,18632189,0.02081874130745942,0.0946454079320771,0.06546517499999993,0,5701236749,1068128800,2000000000,1421621200,0.6879187449084175,1.4743523133922973,0,1020.8516269899142,1035.4471365310867,167505961,13029021
baseline,20260308,9,6480,1566636785,1179610613,2212688898,699175,1029527989,56917160,0,25043401,0,1467312532,6941466,2194505,20826694,0.102007190804414,0.10437113295699918,0.10634444900000006,0,5701236749,1068128800,2000000000,1421621200,0.6914099080384112,1.5865374317806165,0,1102.0426919733025,1119.3648059588081,185683239,14556655
baseline,20260308,10,7200,1655475818,1185572577,2277281395,993296,1033324848,59289213,0,24997763,0,1471216910,5688720,1784342,22611036,0.1644985443379714,0.10995282310522847,0.13864069750000008,0,5701236749,1068128800,2000000000,1421621200,0.6520865151989046,1.775029056689307,0,1164.5360586662243,1184.1153706994417,203880054,15802829
baseline,20260308,11,7920,1619943435,1194353172,2262809107,1009226,1036439853,60708701,0,24004384,0,1476668172,7930137,2478875,25089911,0.13950427511913865,0.118173362613198,0.1314045534999999,0,5701236749,1068128800,2000000000,1421621200,0.6908190180623346,1.6364755107633246,0,1139.5409842568445,1160.4731244927755,223428164,17519450
baseline,20260308,12,8640,1676707925,1213772155,2314872324,650198,1040747039,60596395,0,23873443,0,1472173268,6502581,2044787,27134698,0.17943368106778368,0.1363537384255531,0.157436162,0,5701236749,1068128800,2000000000,1421621200,0.6586868430135207,1.76196974578204,0,1185.7694064832738,1209.0155298330292,242987898,18951910
baseline,20260308,13,9360,1810658458,1227200803,2390189278,736701,1041136365,56728874,0,23843292,0,1510968994,8444368,2648642,29783340,0.27365746796685353,0.14892586268622288,0.1950946389999999,0,5701236749,1068128800,2000000000,1421621200,0.7057743556633326,1.7387786602909037,0,1257.1617174605003,1283.717276980129,264084099,20778483
baseline,20260308,14,10080,1990339217,1203792986,2488307714,718130,1043183870,68271762,0,0,0,1545412374,10895053,3451673,33235013,0.40004891387382235,0.12701107394538935,0.24415385699999992,0,5701236749,1068128800,2000000000,1421621200,0.8009821290116323,1.6537736034849078,0,1362.6093856789369,1393.8053322828468,285341471,23078605
baseline,20260308,15,10800,2013252299,1237043815,2518267140,854937,1020135142,73354693,24965429,23508130,0,1553220671,11448818,3640521,36875534,0.4161664858402505,0.15814105471175388,0.2591335699999999,0,5701236749,1068128800,2000000000,1421621200,0.8710065031069989,1.536308344849988,0,1378.2959482112728,1412.400430614132,306883868,25539861
baseline,20260308,16,11520,2156149068,1219573304,2606920954,1029838,1047082119,75459247,0,22601721,0,1560360938,10477149,3336882,40212416,0.5166832543014974,0.14178487088822989,0.303460477,0,5701236749,1068128800,2000000000,1421621200,0.8712607113815686,1.6199045339035478,0,1476.124738881479,1514.990886735933,328658036,27789920
baseline,20260308,17,12240,2248477668,1222646291,2670366195,733272,1051119661,81055763,0,0,0,1564401245,5936459,1896152,42108568,0.581629246947077,0.1446618525780785,0.3351830975000001,0,5701236749,1068128800,2000000000,1421621200,0.7431514221786518,1.9702423109226548,0,1539.3339726904896,1581.196717633038,347076709,29053826
baseline,20260308,18,12960,2051645476,1233632429,2555253041,790009,1053637003,77048541,0,22687801,0,1569446558,7515777,2435375,44543943,0.44317310124525444,0.1549472582332767,0.2776265204999999,0,5701236749,1068128800,2000000000,1421621200,0.7277777581056273,1.8460168193228523,0,1404.6043862301408,1444.5157397781616,365705316,30699944
baseline,20260308,19,13680,2123264156,1244773513,2609362843,1028633,1056246306,68851712,0,22521208,0,1574394453,7298719,2350824,46894767,0.49355127512167085,0.16537772691832675,0.3046814215,0,5701236749,1068128800,2000000000,1421621200,0.7134056048589547,1.9371074624067417,0,1453.636206415829,1496.595942737937,384700996,32286736
baseline,20260308,20,14400,2176986995,1251867781,2653353687,1084799,1058771658,68544368,0,22267253,0,1579573102,7638644,2459995,49354762,0.5313411160441333,0.17201949895930158,0.32667684350000004,0,5701236749,1068128800,2000000000,1421621200,0.7092143396185727,1.9808188344589575,0,1490.4161160945985,1536.196762625707,402117290,33947587
baseline,20260308,21,15120,2193190313,1263478901,2658398039,1030293,1060482498,62099953,0,21963818,0,1585474173,8651698,2750627,52105389,0.5427388906411919,0.18289002318821468,0.3291990195000001,0,5701236749,1068128800,2000000000,1421621200,0.7491723509606145,1.8860644740641255,0,1501.509285845668,1549.5716651928162,420996872,35806681
baseline,20260308,22,15840,2293842020,1273300779,2743333800,1071423,1064425215,56202342,0,21784977,0,1589172817,5407954,1709310,53814699,0.6135395420383432,0.19208542921040994,0.3716668999999999,0,5701236749,1068128800,2000000000,1421621200,0.6669049129915308,2.2111586795010965,0,1570.4177940589802,1621.893583917034,439412364,36954213
baseline,20260308,23,16560,2195486237,1285818388,2690285548,1028354,1066492252,53497665,0,21679173,0,1595305215,9003771,2871373,56686072,0.544353894694311,0.20380462356225215,0.34514277399999993,0,5701236749,1068128800,2000000000,1421621200,0.7278085935565515,1.9390429692966062,0,1503.0811290118363,1554.3799754850527,458532062,38896550
baseline,20260308,24,17280,2327287368,1301723477,2790513531,1006177,1070783383,54794640,0,21201478,0,1592873962,6866309,2212074,58898146,0.6370657443769128,0.21869523319659567,0.3952567655000001,0,5701236749,1068128800,2000000000,1421621200,0.6928013207958967,2.1848037604461252,0,1598.1661505314482,1654.2762896910608,477537251,40396039
baseline,20260308,25,18000,2357161992,1313266228,2775877133,974950,1067949573,55236073,0,21209587,0,1669296351,8663027,2860638,61758784,0.658080219962955,0.22950174922724664,0.3879385664999999,0,5701236749,1068128800,2000000000,1421621200,0.7158714572042811,2.049155911866713,0,1570.1859871836632,1627.347159805215,497459870,42296757
baseline,20260308,26,18720,2392142498,1265754265,2770398128,1149090,1071063058,58348164,0,21320277,0,1734044964,9760555,3153232,64912016,0.6826862866141838,0.18502025692032653,0.38519906400000004,0,5701236749,1068128800,2000000000,1421621200,0.7404469428780637,1.9642035469718295,0,1555.0997570728427,1613.8362270035116,519577582,44380477
baseline,20260308,27,19440,2476941638,1281967186,2838607066,770803,1074037310,53531308,0,21018394,0,1741455439,10972087,3561612,68473628,0.7423358894760432,0.20019906400801113,0.4193035329999999,0,5701236749,1068128800,2000000000,1421621200,0.783455800328981,1.915944652019274,0,1610.2265407507548,1673.4479695071846,541259891,46730943
baseline,20260308,28,20160,2547926324,1294055377,2895639238,761593,1077469733,52506961,0,20624178,0,1747484221,8822018,2793236,71266864,0.7922680978589796,0.2115162300651383,0.4478196189999999,0,5701236749,1068128800,2000000000,1421621200,0.7538526377770111,2.0406710449742334,0,1656.3727331480657,1723.2931139672896,560889125,48576894
baseline,20260308,29,20880,2531764659,1307857122,2894764378,637274,1079876425,48689432,0,20515972,0,1754233889,9974299,3224631,74491495,0.7808996229093939,0.22443765396083326,0.44738218900000004,0,5701236749,1068128800,2000000000,1421621200,0.7831048008782666,1.964617779738146,0,1645.866251474668,1714.5431350540969,579906426,50708216
baseline,20260308,30,21600,2695280932,1316797325,3014245635,827493,1083407610,47919090,0,20672821,0,1758945634,6899363,2187618,76679113,0.8959206095125762,0.2328076211408212,0.5071228175,0,5701236749,1068128800,2000000000,1421621200,0.7165949354035789,2.2696230133809414,0,1752.1659876452163,1826.7599115052,597114665,52151065
baseline,20260308,31,22320,2522840431,1325517254,2915090438,1010405,1087083844,44196777,0,20359027,0,1762669777,5495542,1771399,78450512,0.7746221222643557,0.2409713641276221,0.457545219,0,5701236749,1068128800,2000000000,1421621200,0.6515632400747495,2.329441313574383,0,1640.0647305341447,1711.0868215632063,614084710,53319444
baseline,20260308,32,23040,2449734098,1336229790,2881542537,925679,1088893434,42367895,0,20145270,0,1768434786,8467110,2702101,81152613,0.723197500149829,0.25100061902646953,0.44077126850000004,0,5701236749,1068128800,2000000000,1421621200,0.6906723775957018,2.1060542163914415,0,1592.5392838754121,1663.3359800604237,630597543,55107698
baseline,20260308,33,23760,2591126746,1346432192,2983697010,933167,1092225212,38737664,0,20073052,0,1772800178,6475956,2110564,83263177,0.8226562364151575,0.2605522779649796,0.4918485050000001,0,5701236749,1068128800,2000000000,1421621200,0.6563144362389173,2.3343421672330162,0,1684.4567481320444,1760.7727002206661,647209292,56506878
baseline,20260308,34,24480,2512399123,1359187640,2947761387,560173,1094752982,36864049,0,20006920,0,1778584322,8489991,2705847,85969024,0.7672774737743078,0.27249414115601045,0.47388069349999995,0,5701236749,1068128800,2000000000,1421621200,0.6904121718399724,2.1687199880786148,0,1633.2769762310886,1709.1129085837902,663109466,58302911
baseline,20260308,35,25200,2622485423,1368744165,3029831786,927454,1096651925,39727699,0,19969337,0,1785293092,9858467,3149697,89118721,0.8447146279191673,0.2814411192732562,0.514915893,0,5701236749,1068128800,2000000000,1421621200,0.7498073035542452,2.0881155907001796,0,1704.8426035004422,1786.144102559834,681163303,60380443
baseline,20260308,36,25920,2737762899,1382200209,3110765027,604458,1099876499,41231379,0,19797355,0,1789680440,9105449,2933540,92052261,0.9258033708276157,0.2940388921261181,0.5553825134999999,0,5701236749,1068128800,2000000000,1421621200,0.7358593314556096,2.172110984275163,0,1780.9430638423128,1867.8716844606026,699531087,62311454
baseline,314159,0,0,1430769800,1058980200,2000000000,0,1000000000,100000000,0,0,0,1430769800,10357459,0,0,0,0,0,0,5695518874,1058980200,2000000000,1430769800,1,1,0,1000,1000,0,0
baseline,314159,1,720,1488558115,1070785886,2045084001,736664,1002531239,97157706,0,18791911,0,1437813797,10209322,3165325,3165325,0.04038966645787467,0.011148164998741272,0.022542000500000103,0,5695518874,1058980200,2000000000,1430769800,0.9505562871434449,1.0961537080686403,0,1040.3896664578747,1042.6019895024358,23489321,2192674
baseline,314159,2,1440,1466101877,1081418269,2059613146,1188326,1004504273,95629986,0,18574037,0,1445774556,11591312,3630553,6795878,0.024694452594680172,0.0211883744379735,0.029806572999999892,0,5695518874,1058980200,2000000000,1430769800,0.9759747923435621,1.0589768806920743,0,1024.6944525946801,1029.416278822442,48616028,4707660
baseline,314159,3,2160,1302290890,1095660819,1970273709,738337,1007038623,89329122,0,22852589,0,1452744000,10155364,3185920,9981798,-0.0897970519086998,0.0346376816110443,-0.014863145500000008,0,5695518874,1058980200,2000000000,1430769800,0.9381768269827039,0.9881271408079819,0,910.2029480913002,916.6341718278806,72981127,6936871
baseline,314159,4,2880,1496290748,1109570036,2116284784,942482,1009048333,82345772,0,24599354,0,1460375474,11104756,3473282,13455080,0.045794192748547013,0.04777222085927568,0.05814239199999993,0,5695518874,1058980200,2000000000,1430769800,0.9389977590479948,1.112076996615716,0,1045.794192748547,1055.6281781071923,96942912,9347129
baseline,314159,5,3600,1612503627,1115507141,2187271268,737894,1012341331,86597542,0,23404212,0,1465330215,7231614,2276873,15731953,0.127018215648667,0.05337865712692258,0.09363563399999997,0,5695518874,1058980200,2000000000,1430769800,0.8271979855594629,1.3631640079733158,0,1127.018215648667,1139.2223065847797,117012609,10932360
baseline,314159,6,4320,1550634879,1126093408,2158456287,1160085,1014871592,79324247,0,22586655,0,1470402147,7477873,2348918,18080871,0.0837766347877904,0.06337531900974169,0.07922814349999996,0,5695518874,1058980200,2000000000,1430769800,0.7849909098112355,1.3762042367976013,0,1083.8164895568805,1097.2122577313844,138809437,12566483
baseline,314159,7,5040,1584542546,1136377087,2186972633,987933,1016549557,74340465,0,22345493,0,1476105491,8351668,2648324,20729195,0.10747553240220764,0.0730862456163015,0.09348631649999994,0,5695518874,1058980200,2000000000,1430769800,0.7996965637003774,1.3797951428955,0,1107.5162586738395,1123.0788765995121,159467044,14403874
baseline,314159,8,5760,1641844652,1145858118,2231581770,839107,1019460540,71259810,0,21462184,0,1480456345,6349522,1998668,22727863,0.14752537550065714,0.0820392279289075,0.11579088500000001,0,5695518874,1058980200,2000000000,1430769800,0.7382273956335268,1.5506657520221638,0,1147.5675745640042,1165.1095855972094,177770430,15797008
baseline,314159,9,6480,1637322333,1157992982,2243114315,766674,1021844196,64635450,0,22733780,0,1485363828,7140500,2233017,24960880,0.14436461616676555,0.09349823726638129,0.12155715750000007,0,5695518874,1058980200,2000000000,1430769800,0.7315116728213086,1.5553880569904224,0,1144.406698996445,1163.4850179492992,196661618,17348985
baseline,314159,10,7200,1644150703,1165246232,2254415935,710480,1024970151,67021486,0,22422715,0,1489678426,6260495,1945897,26906777,0.14913713093468983,0.10034751546818343,0.12720796749999996,0,5695518874,1058980200,2000000000,1430769800,0.6960951177520834,1.6390821919972798,0,1149.1793892686824,1169.7200322725216,214528598,18696667
baseline,314159,11,7920,1668594542,1179176602,2279230144,761958,1026687684,63517178,0,21928171,0,1496832020,10364482,3210888,30117665,0.16622152773982224,0.11350202959413225,0.139615072,0,5695518874,1058980200,2000000000,1430769800,0.8055190123928708,1.4365350058579618,0,1166.2644143349046,1189.3948030218864,234519485,20916314
baseline,314159,12,8640,1882480513,1197496387,2435582712,888396,1030797662,65811702,0,22084241,0,1489799187,6613844,2047865,32165530,0.3157116630501986,0.13080148901745292,0.217791356,0,5695518874,1058980200,2000000000,1430769800,0.7217842679973926,1.7856348433693745,0,1323.8670384401726,1351.5828854092545,255055585,22332443
baseline,314159,13,9360,1901409721,1205583951,2429523483,1031680,1031850689,68932015,0,22022377,0,1527788575,7218567,2229179,34394709,0.32894174939951903,0.13843861386643486,0.21476174150000005,0,5695518874,1058980200,2000000000,1430769800,0.7029613278054556,1.824638744400555,0,1313.9716596540934,1343.0808470848635,276232330,23864064
baseline,314159,14,10080,1949878320,1193032688,2458706814,889879,1035090378,64156259,0,21619579,0,1560872686,8923231,2839120,37233829,0.3628176384488966,0.12658639698834784,0.22935340700000006,0,5695518874,1058980200,2000000000,1430769800,0.7271985110551138,1.772784611735189,0,1328.6656358453893,1360.0778093606802,298902617,25785209
baseline,314159,15,10800,1938938702,1206550004,2466821920,798132,1037885777,63058884,0,21471873,0,1567593853,9848845,3127678,40361507,0.3551716719209477,0.139350862272968,0.23341096000000006,0,5695518874,1058980200,2000000000,1430769800,0.7709504658533012,1.6683611177341344,0,1321.211276074942,1354.6288302458943,320497489,27896980
baseline,314159,16,11520,2073147793,1216765426,2558289524,805638,1040850379,65044129,0,21432604,0,1574242971,9674675,3025557,43387064,0.4489736874513286,0.1489973334723349,0.27914476200000005,0,5695518874,1058980200,2000000000,1430769800,0.7824822678619452,1.7341973206630437,0,1412.6626273724662,1450.507060175331,340726425,29947268
baseline,314159,17,12240,2119206134,1222410736,2591256177,1051030,1043770192,68908377,0,20628676,0,1579702366,7936991,2477596,45864660,0.4811649882461875,0.1543282263445529,0.2956280885,0,5695518874,1058980200,2000000000,1430769800,0.7554699848525137,1.8351489482688674,0,1444.047219068808,1484.4659122786147,360374671,31620691
baseline,314159,18,12960,2135986082,1232645526,2609080599,696884,1046925083,66769672,0,21041376,0,1584242771,6747963,2140951,48005611,0.49289290422540377,0.16399298683771435,0.30454029949999994,0,5695518874,1058980200,2000000000,1430769800,0.7115383925441576,1.9697250831025046,0,1455.5266219019443,1497.7663199001172,378316623,33063105
baseline,314159,19,13680,2189496793,1238106980,2647207394,911575,1048807871,69752349,0,0,0,1589643455,7951471,2550787,50556398,0.5302928486469312,0.16915026362154828,0.323603697,0,5695518874,1058980200,2000000000,1430769800,0.7346349141785792,1.9479004128590482,0,1491.9904664343364,1537.0769803277044,395711025,34772011
baseline,314159,20,14400,2180168579,1246820123,2648822428,1129262,1051611987,64218625,0,20080370,0,1594089948,6584474,2137981,52694379,0.5237731317784315,0.17737812567222688,0.32441121399999995,0,5695518874,1058980200,2000000000,1430769800,0.6896439064219003,2.026615634729266,0,1485.633934467103,1532.029271802701,414493716,36205046
baseline,314159,21,15120,2132804418,1259547184,2628564124,640710,1054293283,57463619,0,20204141,0,1598946827,7162511,2305632,55000011,0.49066916145420447,0.1893963494312736,0.314282062,0,5695518874,1058980200,2000000000,1430769800,0.6866750749603081,1.9970341279253014,0,1453.358538180345,1500.3661306872389,431644951,37756885
baseline,314159,22,15840,2219746695,1267894731,2695897849,676245,1057364918,58750984,0,20167008,0,1603447183,6621189,2120833,57120844,0.5514352448590962,0.19727897745396938,0.34794892450000003,0,5695518874,1058980200,2000000000,1430769800,0.6689284804979823,2.1252263611816,0,1512.6036801822922,1563.0194488302016,448293578,39191446
baseline,314159,23,16560,2248208058,1277455288,2720797550,773334,1060082855,60002036,0,0,0,1609026375,8177584,2598392,59719236,0.5713275874288093,0.20630705654364445,0.36039877499999995,0,5695518874,1058980200,2000000000,1430769800,0.6986852893605418,2.056916073903813,0,1531.9981284379317,1584.889962817338,466289345,40924394
baseline,314159,24,17280,2215811318,1292983417,2719753199,994759,1064285373,61633183,0,19858987,0,1606083722,6497339,2068182,61787418,0.5486847136415656,0.22097034203283505,0.35987659949999995,0,5695518874,1058980200,2000000000,1430769800,0.6713646163702847,2.1329041407438094,0,1514.9453713375076,1568.7064430782928,485533736,42322048
baseline,314159,25,18000,2355039996,1307233570,2770360787,1003721,1060202565,56650643,0,19620262,0,1684487044,11585696,3802374,65589792,0.64599504127079,0.23442682875468313,0.3851803935,0,5695518874,1058980200,2000000000,1430769800,0.796007463665234,1.8484426325563321,0,1561.852975033431,1619.9705930985256,507217026,44852359
baseline,314159,26,18720,2554323143,1256186278,2875208179,973874,1063877173,61930229,0,19517195,0,1748287699,8787842,2767187,68356979,0.7852789058030161,0.18622263003595352,0.43760408949999996,0,5695518874,1058980200,2000000000,1430769800,0.7543184630096049,2.0436841982430667,0,1654.909151349769,1718.3489860762693,529318424,46669513
baseline,314159,27,19440,2418253146,1273032245,2807643226,715014,1065815408,57589321,0,19219687,0,1756490978,12040413,3837134,72194113,0.6901762575642847,0.2021303561671881,0.4038216130000001,0,5695518874,1058980200,2000000000,1430769800,0.8403801111686757,1.7595427557438226,0,1566.7513613393155,1629.3930500645251,551577713,49201065
baseline,314159,28,20160,2639916941,1284373868,2958529850,623929,1069656197,57230355,0,19574435,0,1761885935,7932936,2537979,74732092,0.845102504260294,0.21284030428519807,0.47926492500000006,0,5695518874,1058980200,2000000000,1430769800,0.7470477124238185,2.0948883056270353,0,1710.3641394929757,1780.4578023101674,570961160,50876048
baseline,314159,29,20880,2563968138,1293921502,2918494499,735058,1073799711,57884891,0,19403821,0,1766116405,6221010,1990540,76722632,0.7920200286586982,0.22185618012499186,0.45924724949999995,0,5695518874,1058980200,2000000000,1430769800,0.6711755131726427,2.249894887474868,0,1661.1580046062431,1730.5776093546333,588819671,52190304
baseline,314159,30,21600,2422132682,1304432029,2839909714,898268,1076615482,56691320,0,19153883,0,1771765213,8295376,2646568,79369200,0.6928877601414287,0.23178132036840737,0.419954857,0,5695518874,1058980200,2000000000,1430769800,0.6871242099119443,2.0880640163409145,0,1569.2648568016987,1636.630586584036,606456044,53936786
baseline,314159,31,22320,2472050826,1314115616,2883292122,1056885,1078969481,55272158,0,19130907,0,1777358900,8232801,2639114,82008314,0.7277767716371983,0.24092557726763908,0.4416460609999999,0,5695518874,1058980200,2000000000,1430769800,0.7017987242495599,2.0871002001491044,0,1601.6061028771549,1672.1434288940488,623666082,55676133
baseline,314159,32,23040,2584041990,1325443043,2961242631,578460,1081919321,51901691,0,19032002,0,1782039846,6932686,2251740,84260054,0.8060501346897313,0.2516221200358608,0.4806213155000001,0,5695518874,1058980200,2000000000,1430769800,0.6758007917047419,2.254926906250238,0,1674.1635640119432,1749.4195589849778,639141645,57160883
baseline,314159,33,23760,2572148996,1336153297,2963933332,689620,1084698299,48939543,0,18933641,0,1787197689,7538217,2380374,86640428,0.7977378303623686,0.2617358634278526,0.48196666599999993,0,5695518874,1058980200,2000000000,1430769800,0.6775106394715368,2.2374151897936523,0,1666.458264601614,1742.9794300901717,655111572,58734227
baseline,314159,34,24480,2558254412,1347705118,2970677198,718085,1088149974,46008904,0,18812613,0,1791846369,6869488,2220808,88861236,0.7880265658388932,0.27264430250914984,0.4853385990000001,0,5695518874,1058980200,2000000000,1430769800,0.6550337728731213,2.304085064237097,0,1657.4561638772743,1735.0688652391013,671623095,60198144
baseline,314159,35,25200,2580766591,1360354945,2990441819,631440,1090078355,46729081,0,0,0,1798564073,9871653,3153949,92015185,0.8037608782349195,0.2845895938375429,0.4952209095,0,5695518874,1058980200,2000000000,1430769800,0.7300035083047708,2.0946602042937483,0,1672.0414802050152,1752.4762424628652,689039078,62257760
baseline,314159,36,25920,2722259671,1378440114,3101141737,992363,1093025683,45218711,0,18341606,0,1797823378,8970764,2875899,94891084,0.9026538517936289,0.30166750426495237,0.5505708684999999,0,5695518874,1058980200,2000000000,1430769800,0.7248476141285015,2.1693799170182357,0,1768.1414683431508,1855.1520765635264,709220644,64151747
zero-fee,20261004,0,0,1420797000,1068953000,2000000000,0,1000000000,100000000,0,0,0,1420797000,10289506,0,0,0,0,0,0,5701751874,1068953000,2000000000,1420797000,1,1,0,1000,1000,0,0
zero-fee,20261004,1,720,1218381589,1083055195,1888743284,0,1002553448,97800141,0,16192713,0,1427828429,10284620,3253191,3253191,-0.14246610247628622,0.013192530448017825,-0.05562835799999999,0,5701751874,1068953000,2000000000,1420797000,0.9540033645731094,0.9040236590502073,0,857.5338975237138,859.8235919698554,21538659,2254848
zero-fee,20261004,2,1440,1246152538,1099062585,1932097623,0,1006189173,93668404,0,27087441,0,1433832857,8706220,2701792,5954983,-0.1229200666949607,0.028167360959742815,-0.03395118850000001,0,5701751874,1068953000,2000000000,1420797000,0.8672606883897115,1.0229121501534884,0,877.0799333050394,881.3284980356901,43003925,4143669
zero-fee,20261004,3,2160,1480630305,1115877048,2109842353,0,1010146853,85485925,0,24503827,0,1439314597,7944935,2463195,8418178,0.042112493903069925,0.04389720408661568,0.054921176499999946,0,5701751874,1068953000,2000000000,1420797000,0.7969931904289251,1.3260770860486273,0,1042.11249390307,1048.902543583711,64531497,5855587
zero-fee,20261004,4,2880,1498141860,1128141705,2129917565,0,1012860392,87033867,0,109718,0,1445320109,8760222,2754710,11172888,0.0544376571741072,0.05537072724432224,0.06495878249999998,0,5701751874,1068953000,2000000000,1420797000,0.8011723638760039,1.3306589414867578,0,1054.4376571741072,1063.2594946981485,83616011,7721519
zero-fee,20261004,5,3600,1432336538,1179179722,2100427848,0,979999049,79803011,36807912,26683942,0,1449435218,5961217,1846108,13018996,0.00812187666499864,0.10311652804192506,0.05021392399999991,0,5701751874,1068953000,2000000000,1420797000,0.7194349388146399,1.4194036318433385,0,1008.1218766649986,1017.8664358866582,102821586,9004548
zero-fee,20261004,6,4320,1361359802,1157267864,2066584166,0,1020574292,71417502,0,26400260,0,1453170310,5523680,1745260,14764256,-0.04183370178850321,0.08261809826998934,0.03329208300000008,0,5701751874,1068953000,2000000000,1420797000,0.6671436363093738,1.45723596735257,0,958.1967937713833,968.6990148637371,120432609,10225298
zero-fee,20261004,7,5040,1380045383,1171996887,2089953270,0,1023524613,64033435,0,25929651,0,1457512470,6299147,1956987,16721243,-0.028682223428118214,0.09639702306836684,0.04497663500000004,0,5701751874,1068953000,2000000000,1420797000,0.6674414313067222,1.470843114688626,0,971.3486907038854,983.3875896670155,137171393,11596364
zero-fee,20261004,8,5760,1474069222,1185390361,2162345083,0,1026035203,58562018,0,26022109,0,1462041087,6626235,2097618,18818861,0.0374946047887208,0.10892654868829599,0.08117254149999997,0,5701751874,1068953000,2000000000,1420797000,0.6713021646781324,1.5374577661028195,0,1037.5276251307127,1051.881458838936,153283254,13057943
zero-fee,20261004,9,6480,1606332496,1196819114,2253074610,0,1028313791,59117919,0,25646394,0,1467626879,8130636,2544844,21363705,0.13058550658538826,0.11961808797954632,0.12653730500000004,0,5701751874,1068953000,2000000000,1420797000,0.7208565219230857,1.5570436610770757,0,1130.6214897316202,1148.079220591791,168668778,14821363
zero-fee,20261004,10,7200,1629042761,1207351619,2274278380,0,1030346360,59959654,0,25585178,0,1473509729,8590909,2708059,24071764,0.14656967955309597,0.12947119190460188,0.13713919000000008,0,5701751874,1068953000,2000000000,1420797000,0.7659716261909336,1.484763216768737,0,1146.6061714276193,1166.246225044066,185168335,16697934
zero-fee,20261004,11,7920,1801153812,1218845855,2401636667,0,1033784293,59748812,0,24976668,0,1478476545,7212954,2246138,26317902,0.26770665478601097,0.1402239902034983,0.2008183335,0,5701751874,1068953000,2000000000,1420797000,0.7319788440713918,1.7166608100654204,0,1267.7470020871858,1291.0700899226804,202158613,18250854
zero-fee,20261004,12,8640,1777001745,1240490441,2405183662,0,1036421797,57326518,0,24926732,0,1477190202,9253142,2902832,29220734,0.25070769786253777,0.16047238840248346,0.2025918310000001,0,5701751874,1068953000,2000000000,1420797000,0.7657714093833546,1.5927215611544239,0,1256.1225830912979,1281.3125681887077,220948371,20256557
zero-fee,20261004,13,9360,1912010195,1251708362,2481855659,0,1037466500,57583426,0,24404600,0,1515349416,7522389,2363175,31583909,0.34573073774789775,0.17096669544872412,0.2409278294999999,0,5701751874,1068953000,2000000000,1420797000,0.7330150853755767,1.7607631410776938,0,1328.2300630482969,1356.570049083745,240101694,21885690
zero-fee,20261004,14,10080,1931498020,1239399535,2486961093,0,1041456259,55327718,0,24557099,0,1547743088,7901042,2534280,34118189,0.3594468597554752,0.15945185148458352,0.24348054650000006,0,5701751874,1068953000,2000000000,1420797000,0.7094884068635903,1.788626093296264,0,1323.0311670203428,1353.0331875789846,259716024,23598653
zero-fee,20261004,15,10800,1894643817,1255903533,2477216235,0,1043927289,54854218,0,24335952,0,1554836826,10441817,3348079,37466268,0.33350775445049496,0.17489125621051627,0.2386081175000001,0,5701751874,1068953000,2000000000,1420797000,0.7839485335444408,1.6033936513439593,0,1297.7868961488175,1329.5618211630133,278931512,25872787
zero-fee,20261004,16,11520,2128121701,1268761467,2647394970,0,1047286391,53559681,0,24208467,0,1560560578,8360549,2636797,40103065,0.4978365670817153,0.18691978693169853,0.32369748500000006,0,5701751874,1068953000,2000000000,1420797000,0.747168357507244,1.8508676346426942,0,1457.71380994496,1495.2547405692376,297325430,27644257
zero-fee,20261004,17,12240,2074905427,1277100518,2615017568,0,1049845717,59377092,0,23635846,0,1566339869,8490174,2710883,42813948,0.4603813401914558,0.19472092599019786,0.3075087839999999,0,5701751874,1068953000,2000000000,1420797000,0.7522891632033831,1.7976099384568816,0,1421.261901444068,1459.7687882002672,313904374,29485311
zero-fee,20261004,18,12960,2165044136,1287584893,2686481039,0,1052944436,60392434,0,23707803,0,1571322979,7347845,2364735,45178683,0.5238236961367457,0.20452900454931133,0.3432405194999999,0,5701751874,1068953000,2000000000,1420797000,0.7220917989358635,1.9466914103933506,0,1483.0048181476416,1524.848207529499,329044305,31090829
zero-fee,20261004,19,13680,2125366361,1297782144,2673268097,0,1054755776,62089907,0,23678634,0,1576724683,7977353,2575649,47754332,0.4958972752617017,0.21406848009220236,0.3366340484999999,0,5701751874,1068953000,2000000000,1420797000,0.7403236162161856,1.8640625723949216,0,1455.826466205546,1498.7170495609791,343722211,32829572
zero-fee,20261004,20,14400,2175295135,1310892819,2712747696,0,1056781270,56591282,0,23527995,0,1582420772,8404214,2708125,50462457,0.53103865999154,0.22633344871102845,0.35637384800000005,0,5701751874,1068953000,2000000000,1420797000,0.7503696713698224,1.8692132575658815,0,1490.0265137588513,1535.8343293932421,359031655,34656590
zero-fee,20261004,21,15120,2285718514,1318480967,2787647571,0,1058955513,60557165,0,23340149,0,1587797988,7835292,2458076,52920533,0.6087579816117292,0.23343212189871765,0.39382378549999997,0,5701751874,1068953000,2000000000,1420797000,0.7429731642065015,1.9717208934397639,0,1565.6639570655234,1615.5325785877692,373486566,36313661
zero-fee,20261004,22,15840,2300153538,1331128827,2802135540,0,1060632300,59057573,0,23510529,0,1594346595,9589079,3040472,55961005,0.6189177891000615,0.24526412947996779,0.40106777000000005,0,5701751874,1068953000,2000000000,1420797000,0.793153001313637,1.8577171491308542,0,1575.551612372924,1627.884157726698,389170746,38367749
zero-fee,20261004,23,16560,2378303975,1340789803,2865828454,0,1063223787,61312918,0,23019354,0,1599965244,8266844,2648195,58609200,0.6739224357878009,0.2543019225354155,0.43291422699999993,0,5701751874,1068953000,2000000000,1420797000,0.7712497544180813,1.981730475946107,0,1629.082841914262,1685.0676504048201,405680058,40157674
zero-fee,20261004,24,17280,2410616032,1363019263,2898698367,0,1066907968,60725076,0,22683109,0,1595369057,7650071,2444336,61053536,0.6966646410430202,0.2750974673348594,0.4493491835000001,0,5701751874,1068953000,2000000000,1420797000,0.7445289970998927,2.08749897312852,0,1657.9299368671423,1716.637952583308,422748911,41812073
zero-fee,20261004,25,18000,2444553213,1378086548,2893973566,0,1062894575,59541999,0,23081593,0,1673023296,10463116,3428877,64482413,0.7205506578350038,0.28919283448383615,0.44698678300000005,0,5701751874,1068953000,2000000000,1420797000,0.806453299886612,1.8866458076432713,0,1632.7008904402333,1692.9572924730235,440729345,44088222
zero-fee,20261004,26,18720,2606374099,1332517947,2976817699,0,1066422311,62814481,0,22357685,0,1737219960,9429185,3012521,67494934,0.8344451029950091,0.24656364405170295,0.4884088495000001,0,5701751874,1068953000,2000000000,1420797000,0.7782198922460177,2.025728218185952,0,1701.1674715915399,1765.989523052243,459274492,46074705
zero-fee,20261004,27,19440,2609051349,1346006838,2989279887,0,1068542246,65606947,0,0,0,1745029274,11521015,3711701,71206635,0.8363294327057278,0.2591824317813787,0.49463994349999996,0,5701751874,1068953000,2000000000,1420797000,0.8370525410122609,1.8900276720121747,0,1702.9148994128439,1770.3184566975,477917997,48483906
zero-fee,20261004,28,20160,2704899316,1360569584,3064294460,0,1070673302,66159698,0,22067510,0,1752656233,11276389,3649430,74856065,0.9037901375073287,0.27280580530668797,0.5321472300000001,0,5701751874,1068953000,2000000000,1420797000,0.8465913970330712,1.9017998938045655,0,1765.4743929794577,1837.8303814321164,495812880,50887154
zero-fee,20261004,29,20880,2740464260,1373065575,3105030100,0,1073918995,62812248,0,21818587,0,1758022487,7905424,2539170,77395235,0.9288218232442778,0.2844957402243129,0.55251505,0,5701751874,1068953000,2000000000,1420797000,0.769341582460697,2.1067831462893736,0,1788.687455864401,1863.7200320939762,513286976,52562172
zero-fee,20261004,30,21600,2582509152,1386230234,3018293163,0,1076531773,60027584,0,22075251,0,1763639874,8302175,2684788,80080023,0.8176482298315664,0.2968112105957885,0.5091465815,0,5701751874,1068953000,2000000000,1420797000,0.7454626401901082,2.0584943973858634,0,1685.5909388277926,1758.1246371831694,528815961,54335492
zero-fee,20261004,31,22320,2731640939,1396037947,3124182541,0,1080153097,59948532,0,0,0,1767428919,5637316,1848271,81928294,0.9226117024458806,0.3059862753554179,0.5620912705000001,0,5701751874,1068953000,2000000000,1420797000,0.6661623293077835,2.4064898014562077,0,1782.9285179274527,1860.9090782325168,542320770,55542158
zero-fee,20261004,32,23040,2491191018,1409960046,2982434351,0,1082293873,53702725,0,21672712,0,1772779891,7862794,2511822,84440116,0.7533757588170582,0.3190103269273765,0.4912171755000001,0,5701751874,1068953000,2000000000,1420797000,0.6892960163864531,2.1382734393979415,0,1625.9880448353913,1698.8156046120112,556984933,57199729
zero-fee,20261004,33,23760,2627880356,1421251967,3070169394,0,1084958994,53752105,0,21750048,0,1777634561,7120584,2265914,86706030,0.8495818586328658,0.32957386059069016,0.535084697,0,5701751874,1068953000,2000000000,1420797000,0.6757147049472979,2.286196975207677,0,1715.2044990689558,1793.5732320820746,570739731,58689654
zero-fee,20261004,34,24480,2599787869,1434844741,3073517857,0,1087050478,51983710,0,21595981,0,1783608107,8825507,2851961,89557991,0.8298095146597297,0.3422898303293036,0.5367589285000001,0,5701751874,1068953000,2000000000,1420797000,0.7161998176552173,2.1415139117887008,0,1696.8686718755978,1776.3461419316814,585869174,60569537
zero-fee,20261004,35,25200,2688098629,1450411129,3146252776,0,1089755809,47591692,0,21509685,0,1789785593,9122117,2944631,92502622,0.8919653046846241,0.35685210575207704,0.5731263879999999,0,5701751874,1068953000,2000000000,1420797000,0.7335569591692939,2.1716583660649653,0,1754.5086677461702,1838.6978298006138,602292199,62509755
zero-fee,20261004,36,25920,2723618786,1469007029,3182724712,0,1092502458,47112034,0,21136894,0,1792247791,9859912,3154592,95657214,0.9169654679732573,0.37424847397406613,0.5913623560000001,0,5701751874,1068953000,2000000000,1420797000,0.7559336601076261,2.103520232414595,0,1780.4619631018031,1868.054266136707,618976850,64588378
