scenario,seed,season,hour,capitalization,investor_cash,investor_equity,exchange_fees,bank_cash,government_cash,loan_debt,short_liability,fine_debt,company_equity,company_profit,company_dividends,cumulative_declared_dividends,capitalization_return,investor_cash_change,investor_equity_return,system_cash_difference,initial_system_cash,initial_investor_cash,initial_investor_equity,initial_capitalization,fair_value_ratio,price_to_fair_value,price_floor_stocks,price_index,total_return_index,net_contributions,paid_dividends,institution_trading_income,retail_trading_income,company_bankruptcies,institution_bankruptcies,retail_bankruptcies,loan_writeoffs,short_writeoffs,bank_purchases,bank_sales,cash_target_min,cash_target_max,actual_cash_in_band,actual_cash_below,actual_cash_above,employees,allocated_points,two_sided_stocks,long_held_positions,maximum_holding_hours,portfolio_reviews
baseline,20261004,0,0,1000000000000,600000000000,600000000000,0,500000000000,150000000000,0,0,0,1000000000000,7275004269,0,0,0,0,0,0,6626999999999,600000000000,600000000000,1000000000000,1,1,0,1000,1000,0,0,0,0,0,0,0,0,0,0,0,0.15,0.15,0,0,100,0,0,0,0,0,0
baseline,20261004,1,720,808037043627,733597269393,923308499223,337326290,776417026029,134418208340,0,7420478,0,985268569587,10180673360,1002431189,1002431189,-0.19196295637299998,0.22266211565499994,0.538847498705,0,6626999999999,600000000000,600000000000,1000000000000,1.052886764276951,0.7931465514715886,0,831.9467162109997,832.9491474000012,12760052998,225852802,-11684686659.999945,-52766867114.99999,0,0,0,0,0,129280080310,380801702620,0.0750076424442232,0.25678047915361824,100,0,0,100,261,30,2467,720,32401
baseline,20261004,2,1440,862364420185,1007222102348,1319242939268,288490203,909446885467,120414170920,0,0,0,972543825584,10268798362,1007170219,2009601408,-0.13763557981499996,0.6787035039133333,1.1987382321133335,0,6626999999999,600000000000,600000000000,1000000000000,1.1018485732746846,0.8328849893543683,0,910.5185751830388,912.6539010385316,23126221350,571886212,5661500082.000034,-59544782164,0,0,0,0,0,302481851770,664112160440,0.07950764244422315,0.26878047915361813,100,0,0,229,522,30,2710,1440,64468
baseline,20261004,3,2160,837937301413,1291298272560,1693006813592,292063224,1027580146398,108357221838,0,81904942,0,961605856304,10353693897,1016680986,3026282394,-0.16206269858699995,1.1521637876000002,1.8216780226533333,0,6626999999999,600000000000,600000000000,1000000000000,1.1501241926267909,0.8106922629055533,0,906.1345846157026,909.3355988065191,31243822682,1033915453,20893176101.999977,-84130185192.00049,0,0,0,0,0,492485742890,951854822820,0.08400764244422321,0.26912517735548325,99,0,1,348,783,29,2729,2160,98638
baseline,20261004,4,2880,950147065742,1569966755773,2103024151353,301990611,1146712961974,97920626547,0,0,0,952706528772,10367595876,1020642680,4046925074,-0.04985293425799997,1.6166112596216666,2.505040252255,0,6626999999999,600000000000,600000000000,1000000000000,1.1724891063152965,0.899716647499495,0,1047.2080682749158,1052.0150479381127,37334700076,1596985253,31913196985.99996,-66223745708.999374,0,0,0,0,0,686155625500,1245751603450,0.09135236242786049,0.2762804791536182,99,0,1,455,1044,30,2718,2880,128230
baseline,20261004,5,3600,1032122328792,1844486987875,2531760537890,304606877,1266241729726,89008718420,0,0,0,945246123647,10206830213,1004348388,5051273462,0.032122328792000054,2.0741449797916665,3.2196008964833336,0,6626999999999,600000000000,600000000000,1000000000000,1.1999802241932682,0.9745420680328838,0,1155.9224665444565,1162.34050333113,41707346018,2257567938,58304943759.00001,-43251751886.99982,0,0,0,0,0,878106063390,1540031719320,0.09285236242786055,0.27778047915361825,100,0,0,556,1305,30,2681,3600,156574
baseline,20261004,6,4320,1157638529582,2112997623133,3012726177911,353120945,1387858305431,82463761949,0,0,0,938363005980,10117786221,997436218,6048709680,0.15763852958199998,2.5216627052216665,4.021210296518333,0,6626999999999,600000000000,600000000000,1000000000000,1.219667926092781,1.0961604904984104,0,1314.4170167227267,1322.838342166381,44715254630,3016051508,94358293382,23652629899.000916,0,0,0,0,0,1078623063550,1848352413150,0.1033523624278605,0.279621509168297,38,0,62,651,1566,30,1858,4320,187418
baseline,20261004,7,5040,2947224635544,2360286298219,5177700907319,427404070,1528664249240,77392738865,0,0,0,933315335779,9768636585,960569140,7009278820,1.947224635544,2.9338104970316667,7.629501512198333,0,6626999999999,600000000000,600000000000,1000000000000,1.2235319098328525,2.991721818454861,0,3362.098211960839,3384.736452228811,46725973678,3858391331,127051941184,1778922992456.9978,0,0,0,0,0,1250729472250,2151968249040,0.1033523624278605,0.2826251773554832,30,0,70,753,1827,26,1668,5040,225274
baseline,20261004,8,5760,2219182369438,2617129142872,4831971768161,620785497,1663740153754,73095171639,0,9524410,0,930303848100,9181221583,1155114335,8164393155,1.2191823694380002,3.3618819047866664,7.053286280268333,0,6626999999999,600000000000,600000000000,1000000000000,1.1847391144614727,2.3907770066614877,0,2544.162553488874,2562.6199226163676,47834042242,5009776835,123764322644,1060373403275.0015,0,0,0,0,0,1350835663680,2375331928590,0.10403796505741769,0.2826251773554832,14,0,86,817,2088,6,879,5760,261560
baseline,20261004,9,6480,44877663242576,2979417050911,47857066497621,1656088266,1679563510267,70388502505,0,0,0,933038659493,9130662867,1150356845,9314750000,43.877663242576,3.9656950848516663,78.761777496035,0,6626999999999,600000000000,600000000000,1000000000000,1.177985839017385,50.76226095742732,0,51455.624951532736,51830.25317177136,50241754525,6152469234,138886679956,43691884238999,0,1,0,0,53824141,1360761441680,2391081079950,0.10485236242786045,0.28678047915361815,0,0,100,897,2334,1,99,6480,325148
baseline,20261004,10,7200,65982347772217,3337602661395,69319950433612,1955549291,1688193441585,69956156834,0,0,0,940195040473,8969871493,1133700214,10448450214,64.982347772217,4.562671102325,114.53325072268666,0,6626999999999,600000000000,600000000000,1000000000000,1.1700308633264123,73.02397083178975,0,75654.51661490263,76206.6368092382,51541006338,7286169448,120900345978.00003,64796455257155.01,0,1,0,0,53824141,1361051999870,2391387803360,0.10253796505741775,0.29012517735548315,0,0,100,936,2595,0,12,7171,400024
baseline,20261004,11,7920,65896000407135,3694115446268,69590115853403,860231062,1694837692304,72908992284,0,0,0,947717847278,9047225140,1146983493,11595433707,64.896000407135,5.156859077113333,114.98352642233833,0,6626999999999,600000000000,600000000000,1000000000000,1.1703145218666546,68.3593626616172,0,75555.94459169761,76108.670130057,47452838919,8433152941,116707228315,64699901962027.99,0,1,0,0,53824141,1361429257850,2391623254150,0.1070379650574178,0.29312517735548316,0,0,100,1029,2856,0,1,3137,475979
baseline,20261004,12,8640,108355438075557,4044951206132,112400389281689,390630855,1700293837757,79023531643,0,0,0,955471970611,9093767106,1150378469,12745812176,107.355438075557,5.741585343553333,186.33398213614834,0,6626999999999,600000000000,600000000000,1000000000000,1.0812362190843698,115.6032324111263,0,124239.88899147628,125150.08803028158,39931217710,9583531410,114143068438.99997,107145261171399,0,1,0,0,53824141,1361526924840,2391706089400,0.1070379650574178,0.2976251773554832,0,0,100,1088,3117,0,2,722,553072
baseline,42,0,0,1000000000000,600000000000,600000000000,0,500000000000,150000000000,0,0,0,1000000000000,7275004269,0,0,0,0,0,0,6626999999999,600000000000,600000000000,1000000000000,1,1,0,1000,1000,0,0,0,0,0,0,0,0,0,0,0,0.15,0.15,0,0,100,0,0,0,0,0,0
baseline,42,1,720,879193681176,728737282265,935493471473,338349795,781280821668,134428316561,0,0,0,985273452030,10179956384,999859174,999859174,-0.12080631882399995,0.21456213710833327,0.5591557857883334,0,6626999999999,600000000000,600000000000,1000000000000,1.0528628360833348,0.8614981504700842,0,903.1003263559999,904.1001855300016,12805776588,227110472,-6265141852.000048,-46047163263.000114,0,0,0,0,0,131599022560,388005788890,0.0752965186554938,0.2507835808135569,100,0,0,101,261,30,2428,720,34980
baseline,42,2,1440,787433712337,1014309258538,1283470749897,286456354,902329524568,120367790311,0,0,0,972593242843,10272066896,1006008672,2005867846,-0.212566287663,0.6905154308966666,1.139117916495,0,6626999999999,600000000000,600000000000,1000000000000,1.100054976011587,0.7579976459383814,0,831.3882816795484,833.3432532197294,23101528793,557940323,-10030464691.999989,-79600314204.00017,0,0,0,0,0,309245627830,663801697520,0.08129651865549381,0.2567835808135569,100,0,0,164,522,30,2777,1440,61396
baseline,42,3,2160,845490397260,1294624948867,1690028547428,282809373,1023551708232,108165214875,0,0,0,962495167441,10359086738,1018106394,3023974240,-0.15450960274000003,1.1577082481116667,1.8167142457133334,0,6626999999999,600000000000,600000000000,1000000000000,1.1528377305682822,0.8050848750458661,0,913.2098365137545,916.4346724835706,31161387411,1017804396,19455485446.999996,-85588325429.99988,0,0,0,0,0,492416039530,948229355270,0.09029651865549382,0.26428358081355685,99,0,1,293,783,30,2819,2160,87687
baseline,42,4,2880,960829971974,1562351880202,2113632390916,305880763,1152886714965,97831749338,0,0,0,954272072927,10406546632,1128440889,4152415129,-0.039170028026,1.6039198003366666,2.5227206515266665,0,6626999999999,600000000000,600000000000,1000000000000,1.179308746056413,0.9055457534881639,0,1056.6904754267025,1061.6451146806828,37267364501,1689058152,39405798241.99998,-63040771827.00107,0,0,0,0,0,688193437680,1255204289780,0.10191679952107369,0.26728358081355696,100,0,0,376,1044,30,2747,2880,121166
baseline,42,5,3600,1108462831123,1830503179876,2590452570962,319479143,1278012184286,89549059150,0,0,0,947057194186,10300946426,1122230551,5274645680,0.10846283112300004,2.050838633126667,3.3174209516033333,0,6626999999999,600000000000,600000000000,1000000000000,1.209814156764959,1.0429002407058654,0,1237.0815919271608,1244.1220346500031,41776600406,2479342852,76093105781.99994,-2417135226.000061,0,0,0,0,0,883339271550,1559776867400,0.10198691718094055,0.2717835808135569,85,0,15,451,1305,30,2501,3600,157197
baseline,42,6,4320,1243585817282,2077220124907,3095300159049,425277269,1419371257694,84463277233,0,681546558,0,940509740873,10055520015,1086691629,6361337309,0.24358581728200002,2.4620335415116665,4.158833598415,0,6626999999999,600000000000,600000000000,1000000000000,1.2237835953561589,1.1827013381082094,0,1405.2000529672314,1414.4169729430216,45463508854,3362175318,96108015215.00002,103728634979.99942,0,0,0,0,0,1075691794860,1881046132660,0.1034869171809405,0.2762213359456509,42,0,58,616,1566,29,1880,4320,194474
baseline,42,7,5040,1343725818998,2331624375913,3576176636912,451073741,1551980261785,78074803599,0,1735040,0,935634941690,9879628689,1216158538,7577495847,0.3437258189979999,2.8860406265216665,4.960294394853333,0,6626999999999,600000000000,600000000000,1000000000000,1.2304940893506109,1.2806367289834306,0,1533.6517531078907,1545.09442925324,47778508317,4475354760,102535483708.99997,200862644886.00037,0,0,0,0,0,1245079423310,2175816618730,0.10941679952107375,0.2828519420176745,32,0,68,658,1827,21,1553,5040,231323
baseline,42,8,5760,3508371918898,2612243178769,6120579762737,641535045,1656728785073,73908320801,0,0,0,931658219738,9566754400,1188025748,8765521595,2.508371918898,3.353738631281667,9.200966271228333,0,6626999999999,600000000000,600000000000,1000000000000,1.2172444804504061,3.397784474218231,0,4018.3567407211576,4049.7040248581484,49253469960,5663352238,124269335879.99991,2347056956897.001,0,0,0,0,0,1321823625020,2353329138100,0.1111199049074203,0.2858519420176744,7,0,93,758,2088,1,527,5760,267092
baseline,42,9,6480,30494689839530,2977834308204,33472297081206,1863413518,1661690113520,72741825871,0,0,0,934472998119,9487695761,1182072811,9947594406,29.49468983953,3.96305718034,54.78716180201,0,6626999999999,600000000000,600000000000,1000000000000,1.2167537238867296,30.760753484063482,0,34933.755450778845,35207.63886375976,52497538417,6845417177,140343128103.0001,29304456414686.004,0,0,0,0,0,1328095812900,2359088811990,0.10941679952107375,0.28735194201767444,0,0,100,817,2349,1,62,6477,339276
baseline,42,10,7200,52433197896212,3336461231784,55769659127996,1717202241,1672964735067,72972652935,0,0,0,941865822338,8961027447,1129131053,11076725459,51.433197896212,4.56076871964,91.94943187999333,0,6626999999999,600000000000,600000000000,1000000000000,1.1971136489216698,53.39277201540652,0,60066.32173953534,60538.550103294016,53324523853,7974548230,125292306162.00021,51241042297981.01,0,0,0,0,0,1328813561970,2359401196420,0.10791679952107369,0.29035194201767445,0,0,100,878,2610,0,5,3031,415839
baseline,42,11,7920,70312642286741,3692248821480,74004888818967,619184057,1683080361564,76863088157,0,0,0,949468289566,8962461137,1135057969,12211783428,69.312642286741,5.1537480358,122.341481364945,0,6626999999999,600000000000,600000000000,1000000000000,1.187824615661261,77.76678868939531,0,80548.87884936549,81183.44714461503,48817871154,9109605553,122447490388.00027,69108623457425.01,0,0,0,0,0,1329381867640,2359841855860,0.1109167995210737,0.29635194201767445,0,0,100,993,2871,1,1,2224,492643
baseline,42,12,8640,74048545924257,4044431274208,78092977198465,391546390,1691234311851,81683672146,0,0,0,956662588003,9040884450,1146112375,13357895803,73.048545924257,5.7407187903466665,129.15496199744166,0,6626999999999,600000000000,600000000000,1000000000000,1.0986529144957549,84.92471781001964,0,84829.46427566711,85499.0785565903,41459438709,10255717928,119998420431.0003,72831519339325,0,0,0,0,0,1329414699960,2359875638830,0.10641679952107364,0.2978519420176744,0,0,100,1016,3132,0,1,723,569072
baseline,17,0,0,1000000000000,600000000000,600000000000,0,500000000000,150000000000,0,0,0,1000000000000,7275004269,0,0,0,0,0,0,6626999999999,600000000000,600000000000,1000000000000,1,1,0,1000,1000,0,0,0,0,0,0,0,0,0,0,0,0.15,0.15,0,0,100,0,0,0,0,0,0
baseline,17,1,720,808321007693,742336971246,927501662322,330219872,767755558772,134307469939,0,0,0,985281976034,10180327921,1000410320,1000410320,-0.19167899230700003,0.23722828541000007,0.5458361038699999,0,6626999999999,600000000000,600000000000,1000000000000,1.052875359017411,0.7925584245919229,0,832.21894926,833.2193595799994,12681175686,219857974,-11942898583.999968,-48236614780.000084,0,0,0,0,0,130950686900,373810330090,0.0827175713889301,0.2480745744016022,100,0,0,100,261,30,2472,720,33565
baseline,17,2,1440,831507534288,1015183214140,1304980754016,290183150,901466831695,120309370764,0,0,0,972563150150,10270398018,1009153619,2009563939,-0.16849246571200005,0.6919720235666666,1.17496792336,0,6626999999999,600000000000,600000000000,1000000000000,1.0998900248539212,0.8015091187932549,0,878.7208927177599,880.8174411479218,22990933919,558824048,1639823415.0000114,-69650003318.00034,0,0,0,0,0,304289308540,657937225760,0.08755674666911362,0.2600745744016022,100,0,0,231,522,30,2749,1440,63163
baseline,17,3,2160,871045692183,1297757452946,1692252158857,280315200,1021379816543,108042025862,0,0,0,961642473499,10355013616,1019215195,3028779134,-0.128954307817,1.1629290882433332,1.8204202647616667,0,6626999999999,600000000000,600000000000,1000000000000,1.1448800054840937,0.8274978985863392,0,941.9106908781386,945.2376609481894,31005501763,1008114087,11461395843.000023,-75214738748.99951,0,0,0,0,0,485303979780,937783335490,0.09205674666911356,0.26344007185101503,100,0,0,293,783,30,2785,2160,92949
baseline,17,4,2880,938701417928,1574114353177,2111545448967,292257507,1143156734775,97440829223,0,45949167,0,952584927911,10404804054,1025846412,4054625546,-0.06129858207200001,1.6235239219616666,2.519242414945,0,6626999999999,600000000000,600000000000,1000000000000,1.170368570059451,0.8945085028391814,0,1035.0070663220617,1039.7760904246393,36957250684,1574312510,33621957115.000046,-59033758831.99873,0,0,0,0,0,677925404830,1233723348070,0.09994458401016892,0.26644007185101515,99,0,1,434,1044,30,2741,2880,123281
baseline,17,5,3600,982676999685,1856811553886,2511621139724,287404162,1254716739436,88433520022,0,19909848,0,945068821950,10369519134,1023756806,5078382352,-0.017323000315000003,2.0946859231433335,3.1860352328733335,0,6626999999999,600000000000,600000000000,1000000000000,1.2077108792494364,0.9153038919690012,0,1102.0861071033285,1108.2982025479005,40933632146,2246269806,53153934944.00003,-57466427365.9996,0,0,0,0,0,859120110980,1509980680600,0.09805674666911357,0.2709400718510151,96,0,4,477,1305,29,2798,3600,152265
baseline,17,6,4320,1163886833352,2116152992248,3035751105578,356375329,1383997030668,82668086823,0,0,0,938804106901,10176088349,1001697785,6080080137,0.16388683335200005,2.5269216537466668,4.059585175963333,0,6626999999999,600000000000,600000000000,1000000000000,1.2313423521155407,1.1077507565768272,0,1322.6306644976348,1331.2156473052355,43852580788,3019952225,85457692222,56440832567.9982,0,0,0,0,0,1053125743770,1820208361300,0.10705674666911358,0.2783085409663617,42,0,58,606,1566,28,1944,4320,184357
baseline,17,7,5040,1699232417615,2359678112756,3960266230343,475397902,1524402256653,80055868659,0,0,0,933790733344,9985568738,1085656777,7165736914,0.699232417615,2.932796854593333,5.600443717238333,0,6626999999999,600000000000,600000000000,1000000000000,1.242872531673195,1.668427119515601,0,1946.8035678265899,1960.6816951793483,45887300000,4010586204,125699621664.99997,563679308677.996,0,0,0,0,0,1244286111600,2143796897860,0.11005674666911358,0.2799400718510151,32,0,68,706,1827,23,1442,5040,221124
baseline,17,8,5760,3159873916740,2636869900010,5796633086113,711100648,1633953543327,75862783848,0,0,0,929764948986,9501511352,1129255603,8294992517,2.15987391674,3.3947831666833332,8.661055143521667,0,6626999999999,600000000000,600000000000,1000000000000,1.2167412576293246,3.395306906285287,0,3634.458888428085,3661.67076628855,47409660983,5139560354,152668625294.99988,1996554799834.994,0,0,0,0,0,1310823071100,2313880615960,0.11305674666911358,0.28257457440160216,11,0,89,793,2088,2,671,5759,259688
baseline,17,9,6480,54907264319249,3002657455496,57909921774745,1896290488,1647765685952,72621464099,0,0,0,933126049262,8952687137,1074509931,9369502448,53.907264319249,4.004429092493333,95.51653629124166,0,6626999999999,600000000000,600000000000,1000000000000,1.1968971289760373,63.56175688238844,0,63159.042807841266,63633.17159573987,50643627673,6214070285,140612881929.99982,53743665265141.99,0,0,0,0,0,1321416468270,2324482700690,0.11305674666911358,0.2840745744016021,0,0,100,857,2349,0,22,6426,331401
baseline,17,10,7200,82220927941441,3361868112862,85582796054303,1822711742,1660378097472,71986709244,0,0,0,939791451467,8817468324,1066771344,10436273792,81.220927941441,4.603113521436667,141.63799342383834,0,6626999999999,600000000000,600000000000,1000000000000,1.1830273331772745,95.46496398075843,0,94578.80879912115,95290.03901615033,51588564390,7280841629,132262983825.99982,81048944506087,0,0,0,0,0,1321804259140,2324872429310,0.11547591212205588,0.28744007185101506,0,0,100,917,2610,0,7,5193,406880
baseline,17,11,7920,123302742469013,3715615903023,127018358372036,600987643,1671303601889,77913503172,0,0,0,947022366567,8798936647,1064473471,11500747263,122.302742469013,5.192693171705,210.69726395339333,0,6626999999999,600000000000,600000000000,1000000000000,1.1762587088360934,132.2001351014881,0,141835.83694977293,142903.67247950888,46961365124,8345315100,129239035189.99979,122117157971722,0,0,0,0,0,1321907896520,2324973891860,0.11605674666911359,0.2900745744016021,0,0,100,1052,2871,0,0,71,484081
baseline,17,12,8640,90858063432347,4067636718282,94925700150629,342974019,1679950453694,82403429015,0,0,0,954570498368,8875360214,1075075733,12575822996,89.858063432347,5.77939453047,157.20950025104833,0,6626999999999,600000000000,600000000000,1000000000000,1.119488347813994,103.05580576750249,0,104514.83054472618,105302.9344252906,39386215986,9420390833,126065467823.99973,89660248466819,0,0,0,0,0,1322206865460,2325202604300,0.11755674666911364,0.2919400718510151,0,0,100,1067,3132,0,0,5,561428
zero-fee,20261004,0,0,1000000000000,600000000000,600000000000,0,500000000000,150000000000,0,0,0,1000000000000,7275004269,0,0,0,0,0,0,6626999999999,600000000000,600000000000,1000000000000,1,1,0,1000,1000,0,0,0,0,0,0,0,0,0,0,0,0.15,0.15,0,0,100,0,0,0,0,0,0
zero-fee,20261004,1,720,751448410477,734523085382,906330760060,0,776943457750,134279533739,0,0,0,985205217922,10178008085,998867111,998867111,-0.24855158952300005,0.22420514230333333,0.5105512667666667,0,6626999999999,600000000000,600000000000,1000000000000,1.0527968643710377,0.7357713773162409,0,775.422333529,776.4212006400003,11775571104,219328462,-19694363971.00004,-60750447073.000244,0,0,0,0,0,133765490100,384981411250,0.0750076424442232,0.25678047915361824,100,0,0,101,261,30,2408,720,33840
zero-fee,20261004,2,1440,881769141181,997486116867,1320411312242,0,921199582048,120526404761,0,82749238,0,972444288485,10259991542,1009602886,2008469997,-0.11823085881899997,0.6624768614450001,1.2006855204033333,0,6626999999999,600000000000,600000000000,1000000000000,1.1025762559213357,0.8597076252113905,0,932.614325823511,934.8588360756274,21392329403,572543459,7358609784.999989,-58339626946.00029,0,0,0,0,0,298902523180,670749038080,0.08550764244422315,0.26878047915361813,100,0,0,261,522,30,2716,1440,65218
zero-fee,20261004,3,2160,856872044265,1277725133523,1677872622203,0,1043734340956,108150669275,0,0,0,962191791860,10351523640,1017206510,3025676507,-0.14312795573500003,1.129541889205,1.7964543703383336,0,6626999999999,600000000000,600000000000,1000000000000,1.1495200985658942,0.8243212447976228,0,926.9978374266785,930.3072811915861,28748214088,1037707979,10974230894,-86849822779.00024,0,0,0,0,0,484269455190,957567656020,0.09150764244422316,0.2732804791536182,100,0,0,341,783,30,2779,2160,94166
zero-fee,20261004,4,2880,964553876914,1552871420278,2104227144402,0,1166767850950,97636760055,0,0,0,953983037525,10399415031,1026542219,4052218726,-0.035446123086000036,1.5881190337966666,2.50704524067,0,6626999999999,600000000000,600000000000,1000000000000,1.1733114797861677,0.9146866681190343,0,1062.5127688760751,1067.4205283824588,34023054651,1617620405,28995410473.999958,-58791320723.00125,0,0,0,0,0,675797838590,1253169407080,0.09285236242786055,0.27778047915361825,99,0,1,452,1044,30,2799,2880,122910
zero-fee,20261004,5,3600,1087895556650,1824242563121,2570534084310,0,1289776372766,89062588879,0,0,0,946921252901,10289858916,1009006184,5061224910,0.08789555664999993,2.0404042718683333,3.28422347385,0,6626999999999,600000000000,600000000000,1000000000000,1.2038781938217793,1.026487639575821,0,1216.3832514631433,1223.1183541499884,37614766873,2299476247,67538045367.99994,-9618727931.000519,0,0,0,0,0,874641798860,1558382684350,0.1003523624278605,0.2792804791536182,89,0,11,551,1305,30,2517,3600,159563
zero-fee,20261004,6,4320,1194178289294,2076283714762,3045781828102,0,1427682472811,83315486903,0,8573264,0,940541496187,10147113882,1154488042,6215712952,0.19417828929400005,2.460472857936667,4.076303046836666,0,6626999999999,600000000000,600000000000,1000000000000,1.2224218322573146,1.1346285143786545,0,1352.4066442209407,1361.1928952863382,39858204173,3244528548,83789338782.99998,72134285145.9985,0,0,0,0,0,1069020384590,1875399962170,0.10253796505741775,0.28712150916829704,34,0,66,686,1566,28,1636,4320,196065
zero-fee,20261004,7,5040,1699966034294,2329831067666,3929311202283,0,1563343593214,77249232647,0,0,0,935619943700,10000849709,1138715092,7354428044,0.699966034294,2.8830517794433335,5.548852003805,0,6626999999999,600000000000,600000000000,1000000000000,1.23382815659454,1.6570307113062106,0,1940.8211742994097,1954.7281816176137,40593365634,4289351816,95984483712.00012,567733352937.0035,0,0,0,0,0,1238928869880,2173132492850,0.10403796505741769,0.2886215091682971,24,0,76,759,1827,24,1627,5040,229555
zero-fee,20261004,8,5760,5668099372254,2607527999642,8275627371896,0,1673326645414,73801696949,0,0,0,932570528101,9643486597,1098539969,8452968013,4.668099372254,3.3458799994033335,12.792712286493334,0,6626999999999,600000000000,600000000000,1000000000000,1.2147084403529962,6.201540066643494,0,6484.405947554358,6532.133306648535,39943934764,5387891785,115969423454.00002,4519714013678.002,0,0,0,0,0,1319150125660,2356883670610,0.1070379650574178,0.291621509168297,7,0,93,819,2088,0,560,5760,267593
zero-fee,20261004,9,6480,35746512588638,2979360174280,38725801741256,0,1681241920828,72112792100,0,0,0,936781415875,9276454056,1161034061,9614002074,34.746512588638,3.965600290466667,63.543002902093335,0,6626999999999,600000000000,600000000000,1000000000000,1.2035745062698977,37.81879938301016,0,40899.10959233246,41201.47850162575,37871450287,6548912798,142052192819.99985,34570878098149.004,0,0,0,0,0,1328051398450,2364425367300,0.10853796505741775,0.29278047915361816,0,0,100,951,2349,1,70,6477,340342
zero-fee,20261004,10,7200,39195924449281,3341906096082,42537830545363,0,1690568003258,73181204759,0,0,0,943699263100,9160322534,1154443455,10768445529,38.195924449281,4.56984349347,69.89638424227167,0,6626999999999,600000000000,600000000000,1000000000000,1.1950648557955295,39.343609257451384,0,44846.97367842016,45179.85993296482,33692811635,7703356253,138279980170.99982,38015857753557,0,0,0,0,0,1328170049540,2364581777620,0.10853796505741775,0.29578047915361827,0,0,100,1013,2610,0,5,1731,418096
zero-fee,20261004,11,7920,52368393676420,3695480904871,56063874581291,0,1697854276372,80058069540,0,0,0,950900985843,9213372653,1158623969,11927069498,51.36839367642,5.1591348414516665,92.43979096881833,0,6626999999999,600000000000,600000000000,1000000000000,1.1942109366582012,53.05545746677852,0,59919.55187735236,60365.65307543316,27460231887,8861980222,136709442618.99982,51174704906785,0,0,0,0,0,1328234373910,2364645632920,0.10853796505741775,0.29578047915361827,0,0,100,1065,2871,0,3,725,496310
zero-fee,20261004,12,8640,47808929018837,4050090632430,51859019651267,0,1703693932798,82916153388,0,0,0,958569470523,9284588123,1166043695,13093113193,46.808929018837,5.75015105405,85.43169941877834,0,6626999999999,600000000000,600000000000,1000000000000,1.1567247626150061,51.272084097730364,0,54703.15907767053,55111.7683317148,18956203591,10028023917,135310654581.99982,46604752793094.016,0,0,0,0,0,1328436255640,2364806954630,0.10853796505741775,0.3,0,0,100,1079,3132,0,2,1445,574852
